-- --------------------------------------------------------
-- Host:                         127.0.0.1
-- Server version:               5.7.17-log - MySQL Community Server (GPL)
-- Server OS:                    Win64
-- HeidiSQL Version:             11.2.0.6213
-- --------------------------------------------------------

/*!40101 SET @OLD_CHARACTER_SET_CLIENT=@@CHARACTER_SET_CLIENT */;
/*!40101 SET NAMES utf8 */;
/*!50503 SET NAMES utf8mb4 */;
/*!40014 SET @OLD_FOREIGN_KEY_CHECKS=@@FOREIGN_KEY_CHECKS, FOREIGN_KEY_CHECKS=0 */;
/*!40101 SET @OLD_SQL_MODE=@@SQL_MODE, SQL_MODE='NO_AUTO_VALUE_ON_ZERO' */;
/*!40111 SET @OLD_SQL_NOTES=@@SQL_NOTES, SQL_NOTES=0 */;


-- Dumping database structure for controla_guincho
CREATE DATABASE IF NOT EXISTS `controla_guincho` /*!40100 DEFAULT CHARACTER SET utf8 */;
USE `controla_guincho`;

-- Dumping structure for table controla_guincho.attendance
CREATE TABLE IF NOT EXISTS `attendance` (
  `id` bigint(20) NOT NULL AUTO_INCREMENT,
  `commission` double NOT NULL,
  `date_hour` varchar(255) DEFAULT NULL,
  `number_of_tolls` int(11) NOT NULL,
  `value` double NOT NULL,
  `client_id` bigint(20) DEFAULT NULL,
  `delivery_id` bigint(20) DEFAULT NULL,
  `exit_id` bigint(20) DEFAULT NULL,
  `journey_id` bigint(20) DEFAULT NULL,
  `origin_id` bigint(20) DEFAULT NULL,
  `receipt_type_id` bigint(20) DEFAULT NULL,
  `withdrawal_id` bigint(20) DEFAULT NULL,
  PRIMARY KEY (`id`),
  KEY `FKfolfqk6ja9f4gip8f2rebpp82` (`client_id`),
  KEY `FK3l7d62birw6gk7a15b1n39sgm` (`delivery_id`),
  KEY `FK7snu63orhcywi4wuqoulgos34` (`exit_id`),
  KEY `FK42d3gwtn2fl4tjusb1pldh0oi` (`journey_id`),
  KEY `FKo7gp88gk0hshv10s592imd2yp` (`origin_id`),
  KEY `FKbpxa4ump9un47kbafg8iftlti` (`receipt_type_id`),
  KEY `FKbblknmrmjrayx2kiomhs100oc` (`withdrawal_id`),
  CONSTRAINT `FK3l7d62birw6gk7a15b1n39sgm` FOREIGN KEY (`delivery_id`) REFERENCES `delivery` (`id`),
  CONSTRAINT `FK42d3gwtn2fl4tjusb1pldh0oi` FOREIGN KEY (`journey_id`) REFERENCES `journey` (`id`),
  CONSTRAINT `FK7snu63orhcywi4wuqoulgos34` FOREIGN KEY (`exit_id`) REFERENCES `exit_entity` (`id`),
  CONSTRAINT `FKbblknmrmjrayx2kiomhs100oc` FOREIGN KEY (`withdrawal_id`) REFERENCES `withdrawal` (`id`),
  CONSTRAINT `FKbpxa4ump9un47kbafg8iftlti` FOREIGN KEY (`receipt_type_id`) REFERENCES `receipt_type` (`id`),
  CONSTRAINT `FKfolfqk6ja9f4gip8f2rebpp82` FOREIGN KEY (`client_id`) REFERENCES `client` (`id`),
  CONSTRAINT `FKo7gp88gk0hshv10s592imd2yp` FOREIGN KEY (`origin_id`) REFERENCES `origin` (`id`)
) ENGINE=InnoDB DEFAULT CHARSET=utf8;

-- Dumping data for table controla_guincho.attendance: ~0 rows (approximately)
/*!40000 ALTER TABLE `attendance` DISABLE KEYS */;
/*!40000 ALTER TABLE `attendance` ENABLE KEYS */;

-- Dumping structure for table controla_guincho.called
CREATE TABLE IF NOT EXISTS `called` (
  `id` bigint(20) NOT NULL AUTO_INCREMENT,
  `datehour` date DEFAULT NULL,
  `date_hour_end` time DEFAULT NULL,
  `date_hour_init` time DEFAULT NULL,
  `description` varchar(255) DEFAULT NULL,
  `km_end` int(11) DEFAULT NULL,
  `km_init` int(11) DEFAULT NULL,
  `license_plate` varchar(255) DEFAULT NULL,
  `number_of_tolls` int(11) DEFAULT NULL,
  `value` double DEFAULT NULL,
  `vehicle` varchar(255) DEFAULT NULL,
  `waiting_time` double DEFAULT NULL,
  `category_id` bigint(20) DEFAULT NULL,
  `driver_id` bigint(20) DEFAULT NULL,
  `origin_id` bigint(20) DEFAULT NULL,
  `tow_truck_id` bigint(20) DEFAULT NULL,
  `type_id` bigint(20) DEFAULT NULL,
  PRIMARY KEY (`id`),
  KEY `FK83549bychc8ktbv755yeeb0gg` (`category_id`),
  KEY `FKepqu64ka696b2c7vk7o3c9blm` (`driver_id`),
  KEY `FK2731c239qig99gjdeugoi5inr` (`origin_id`),
  KEY `FKk2tfa2o7qxe257521i8fihic5` (`tow_truck_id`),
  KEY `FK64k33afr3u4ui46n2uey0rqre` (`type_id`),
  CONSTRAINT `FK2731c239qig99gjdeugoi5inr` FOREIGN KEY (`origin_id`) REFERENCES `origin_call` (`id`),
  CONSTRAINT `FK64k33afr3u4ui46n2uey0rqre` FOREIGN KEY (`type_id`) REFERENCES `call_type` (`id`),
  CONSTRAINT `FK83549bychc8ktbv755yeeb0gg` FOREIGN KEY (`category_id`) REFERENCES `category` (`id`),
  CONSTRAINT `FKepqu64ka696b2c7vk7o3c9blm` FOREIGN KEY (`driver_id`) REFERENCES `driver_call` (`id`),
  CONSTRAINT `FKk2tfa2o7qxe257521i8fihic5` FOREIGN KEY (`tow_truck_id`) REFERENCES `vehicle_call` (`id`)
) ENGINE=InnoDB AUTO_INCREMENT=3240 DEFAULT CHARSET=utf8;

-- Dumping data for table controla_guincho.called: ~3,295 rows (approximately)
/*!40000 ALTER TABLE `called` DISABLE KEYS */;
REPLACE INTO `called` (`id`, `datehour`, `date_hour_end`, `date_hour_init`, `description`, `km_end`, `km_init`, `license_plate`, `number_of_tolls`, `value`, `vehicle`, `waiting_time`, `category_id`, `driver_id`, `origin_id`, `tow_truck_id`, `type_id`) VALUES
	(1, '2020-01-30', '00:00:00', '00:00:00', 'Adesivos para o Caminh„o', NULL, NULL, '', NULL, 100.01, '', NULL, NULL, 1, 4, 2, 2),
	(2, '2020-02-02', '00:00:00', '00:00:00', 'Abastecimento', 303000, NULL, '', NULL, 1, '', NULL, NULL, 1, 1, 2, 2),
	(3, '2020-02-02', '00:00:00', '00:00:00', 'Atendimento ', NULL, NULL, 'EGO3512', NULL, 160, 'Fiorino - EGO3512', NULL, NULL, 1, 10, 2, 1),
	(4, '2020-02-05', '00:00:00', '00:00:00', 'Carsystem (Seguro) 01/12', NULL, NULL, '', NULL, 139, '', NULL, NULL, 1, 15, 2, 2),
	(5, '2020-02-08', '00:00:00', '00:00:00', 'Atendimento ', NULL, NULL, 'EHE2815', NULL, 90.85, 'KA - EHE2815', NULL, 6, 1, 12, 2, 1),
	(6, '2020-02-10', '00:00:00', '00:00:00', 'Atendimento', NULL, NULL, 'QQR0014', NULL, 146.94, 'KA - QQR0014', NULL, 6, 1, 12, 2, 1),
	(7, '2020-02-10', '00:00:00', '00:00:00', 'Atendimento', NULL, NULL, 'OXE6796', NULL, 184.86, 'Voyage - OXE6796', NULL, 6, 1, 12, 2, 1),
	(8, '2020-02-13', '00:00:00', '00:00:00', 'Cartıes de Visita', NULL, NULL, '', NULL, 49.87, '', NULL, NULL, 1, 4, 2, 2),
	(9, '2020-02-13', '00:00:00', '00:00:00', 'Troca do bico do Pneu', NULL, NULL, '', NULL, 20, '', NULL, NULL, 1, 8, 2, 2),
	(10, '2020-02-14', '00:00:00', '00:00:00', 'Atendimento', NULL, NULL, 'GFR3258', NULL, 146.94, 'KA - GFR3258', NULL, 6, 1, 12, 2, 1),
	(11, '2020-02-15', '00:00:00', '00:00:00', 'Abastecimento', 303889, NULL, '', NULL, 230, '', NULL, NULL, 1, 1, 2, 2),
	(12, '2020-02-15', '00:00:00', '00:00:00', 'Agua ', NULL, NULL, '', NULL, 8.5, '', NULL, NULL, 1, 4, 2, 2),
	(13, '2020-02-15', '00:00:00', '00:00:00', 'Troca do Alternador', NULL, NULL, '', NULL, 200, '', NULL, NULL, 1, 8, 2, 2),
	(14, '2020-02-15', '00:00:00', '00:00:00', 'Atendimento', NULL, NULL, 'CYH7783', NULL, 120, 'Zafira - CYH7783', NULL, NULL, 1, 10, 2, 1),
	(15, '2020-02-15', '00:00:00', '00:00:00', 'Atendimento', NULL, NULL, 'EHE2815', NULL, 105.96, 'KA- EHE2815', NULL, 6, 1, 12, 2, 1),
	(16, '2020-02-20', '00:00:00', '00:00:00', 'Atendimento', NULL, NULL, 'DMM4180', NULL, 146, 'Celta - DMM4180', NULL, 6, 1, 12, 2, 1),
	(17, '2020-02-21', '00:00:00', '00:00:00', 'Atendimento ', NULL, NULL, 'QNA4181', NULL, 203.81, 'Voyage - QNA4181', NULL, 6, 1, 3, 2, 1),
	(18, '2020-02-23', '00:00:00', '00:00:00', 'Atendimento', NULL, NULL, 'EKN2841', NULL, 120, 'Vectra - EKN2841', NULL, NULL, 1, 10, 2, 1),
	(19, '2020-02-24', '00:00:00', '00:00:00', 'Atendimento', NULL, NULL, '', NULL, 135, 'Faizer - ', NULL, 6, 1, 3, 2, 1),
	(20, '2020-02-25', '00:00:00', '00:00:00', 'Agua ', NULL, NULL, '', NULL, 1.99, '', NULL, NULL, 1, 4, 2, 2),
	(21, '2020-02-25', '00:00:00', '00:00:00', 'Atendimento', NULL, NULL, 'QBP4498', NULL, 158.62, 'Palio - QBP4498', NULL, 6, 1, 12, 2, 1),
	(22, '2020-02-27', '00:00:00', '00:00:00', 'chapas para Patins', NULL, NULL, '', NULL, 145, '', NULL, NULL, 1, 7, 2, 2),
	(23, '2020-02-29', '00:00:00', '00:00:00', 'CÛpia de Chave', NULL, NULL, '', NULL, 18, '', NULL, NULL, 1, 4, 2, 2),
	(24, '2020-02-29', '00:00:00', '00:00:00', 'Atendimento', NULL, NULL, '', NULL, 50, '', NULL, NULL, 1, 10, 2, 1),
	(25, '2020-03-01', '00:00:00', '00:00:00', 'Abastecimento', 304328, NULL, '', NULL, 160.02, '', NULL, NULL, 1, 1, 2, 2),
	(26, '2020-03-01', '00:00:00', '00:00:00', 'Claro - 11 988665353', NULL, NULL, '', NULL, 49.98, '', NULL, NULL, 1, 4, 2, 2),
	(27, '2020-03-01', '00:00:00', '00:00:00', 'Ferro para Caixa de Ferramentas', NULL, NULL, '', NULL, 30, '', NULL, NULL, 1, 7, 2, 2),
	(28, '2020-03-02', '00:00:00', '00:00:00', '08 Rodizios para os patins', NULL, NULL, '', NULL, 217.88, '', NULL, NULL, 1, 7, 2, 2),
	(29, '2020-03-05', '00:00:00', '00:00:00', 'Atendimento', NULL, NULL, 'AMC3763', NULL, 130, 'DoblÙ - AMC3763', NULL, 6, 1, 12, 2, 1),
	(30, '2020-03-05', '00:00:00', '00:00:00', 'Atendimento', NULL, NULL, '', NULL, 146, 'Kovi', NULL, 6, 1, 12, 2, 1),
	(31, '2020-03-05', '00:00:00', '00:00:00', 'Carsystem (Seguro) 02/12', NULL, NULL, '', NULL, 139, '', NULL, NULL, 1, 15, 2, 2),
	(32, '2020-03-06', '00:00:00', '00:00:00', 'Abastecimento', 304834, NULL, '', NULL, 243.02, '', NULL, NULL, 1, 1, 2, 2),
	(33, '2020-03-06', '00:00:00', '00:00:00', 'Atendimento', NULL, NULL, '', NULL, 450, '', NULL, NULL, 1, 10, 2, 1),
	(34, '2020-03-06', '00:00:00', '00:00:00', 'Atendimento', NULL, NULL, '', NULL, 90.86, '', NULL, 6, 1, 12, 2, 1),
	(35, '2020-03-08', '00:00:00', '00:00:00', 'Atendimento', NULL, NULL, '', NULL, 80, '', NULL, NULL, 1, 10, 2, 1),
	(36, '2020-03-09', '00:00:00', '00:00:00', 'Atendimento', NULL, NULL, '', NULL, 90.89, 'Voyage', NULL, 6, 1, 12, 2, 1),
	(37, '2020-03-10', '00:00:00', '00:00:00', 'Cadeados Padr„o 6 Unidades 01/03', NULL, NULL, '', NULL, 46.06, '', NULL, NULL, 1, 7, 2, 2),
	(38, '2020-03-10', '00:00:00', '00:00:00', 'Caixa de Ferramentas (Guincho) 01/05', NULL, NULL, '', NULL, 94.29, '', NULL, NULL, 1, 7, 2, 2),
	(39, '2020-03-10', '00:00:00', '00:00:00', 'InstalaÁ„o de Alarme, Vidro e Trava ElÈtrica e Camera de rÈ  01/10', NULL, NULL, '', NULL, 125, '', NULL, NULL, 1, 7, 2, 2),
	(40, '2020-03-10', '00:00:00', '00:00:00', 'Macaco e Kit reparo Pneu 01/03', NULL, NULL, '', NULL, 176.32, '', NULL, NULL, 1, 7, 2, 2),
	(41, '2020-03-12', '00:00:00', '00:00:00', 'Atendimento', NULL, NULL, 'EMJ1754', NULL, 242, 'I30 - EMJ1754', NULL, 6, 1, 3, 2, 1),
	(42, '2020-03-14', '00:00:00', '00:00:00', 'Atendimento', NULL, NULL, '', NULL, 60, '', NULL, NULL, 1, 10, 2, 1),
	(43, '2020-03-15', '00:00:00', '00:00:00', 'Maquina de Cart„o 01/10', NULL, NULL, '', NULL, 29.98, '', NULL, NULL, 1, 7, 2, 2),
	(44, '2020-03-15', '00:00:00', '00:00:00', 'Alternador  Parcela 01/06', NULL, NULL, '', NULL, 125.64, '', NULL, NULL, 1, 8, 2, 2),
	(45, '2020-03-17', '00:00:00', '00:00:00', 'Atendimento', NULL, NULL, '', NULL, 119.32, '', NULL, 6, 1, 3, 2, 1),
	(46, '2020-03-19', '00:00:00', '00:00:00', 'Abastecimento', 305135, NULL, '', NULL, 189.07, '', NULL, NULL, 1, 1, 2, 2),
	(47, '2020-03-19', '00:00:00', '00:00:00', 'Atendimento', NULL, NULL, '', NULL, 100, '', NULL, NULL, 1, 10, 2, 1),
	(48, '2020-03-19', '00:00:00', '00:00:00', 'Atendimento', NULL, NULL, '', NULL, 120, '', NULL, NULL, 1, 10, 2, 1),
	(49, '2020-03-21', '00:00:00', '00:00:00', 'Atendimento', NULL, NULL, '', NULL, 80, '', NULL, NULL, 1, 10, 2, 1),
	(50, '2020-04-01', '00:00:00', '00:00:00', 'Claro - 11 988665353', NULL, NULL, '', NULL, 49.98, '', NULL, NULL, 1, 4, 2, 2),
	(51, '2020-04-01', '00:00:00', '00:00:00', '”leo 15W40 Lubrax', NULL, NULL, '', NULL, 99.9, '', NULL, NULL, 1, 8, 2, 2),
	(52, '2020-04-02', '00:00:00', '00:00:00', 'Junta tama de v·lvula e Filtro de ”leo', NULL, NULL, '', NULL, 53.58, '', NULL, NULL, 1, 8, 2, 2),
	(53, '2020-04-05', '00:00:00', '00:00:00', 'Compra de Ûleo e WD', NULL, NULL, '', NULL, 29.95, '', NULL, NULL, 1, 8, 2, 2),
	(54, '2020-04-05', '00:00:00', '00:00:00', 'Atendimento', NULL, NULL, '', NULL, 120, '', NULL, NULL, 1, 10, 2, 1),
	(55, '2020-04-05', '00:00:00', '00:00:00', 'Carsystem (Seguro) 03/12', NULL, NULL, '', NULL, 139, '', NULL, NULL, 1, 15, 2, 2),
	(56, '2020-04-10', '00:00:00', '00:00:00', '08 Rodizios para os patins 01/02', NULL, NULL, '', NULL, 103.6, '', NULL, NULL, 1, 7, 2, 2),
	(57, '2020-04-10', '00:00:00', '00:00:00', 'Cadeados Padr„o 6 Unidades 02/03', NULL, NULL, '', NULL, 46.06, '', NULL, NULL, 1, 7, 2, 2),
	(58, '2020-04-10', '00:00:00', '00:00:00', 'Caixa de Ferramentas (Guincho) 02/05', NULL, NULL, '', NULL, 94.29, '', NULL, NULL, 1, 7, 2, 2),
	(59, '2020-04-10', '00:00:00', '00:00:00', 'InstalaÁ„o de Alarme, Vidro e Trava ElÈtrica e Camera de rÈ  02/10', NULL, NULL, '', NULL, 125, '', NULL, NULL, 1, 7, 2, 2),
	(60, '2020-04-10', '00:00:00', '00:00:00', 'Macaco e Kit reparo Pneu 02/03', NULL, NULL, '', NULL, 176.32, '', NULL, NULL, 1, 7, 2, 2),
	(61, '2020-04-10', '00:00:00', '00:00:00', 'Compra de mangueira flexivel do Alternador', NULL, NULL, '', NULL, 25.15, '', NULL, NULL, 1, 8, 2, 2),
	(62, '2020-04-13', '00:00:00', '00:00:00', 'Atendimento', NULL, NULL, '', NULL, 110, '', NULL, 6, 1, 3, 2, 1),
	(63, '2020-04-15', '00:00:00', '00:00:00', 'Maquina de Cart„o 02/10', NULL, NULL, '', NULL, 29.98, '', NULL, NULL, 1, 7, 2, 2),
	(64, '2020-04-15', '00:00:00', '00:00:00', 'Alternador  Parcela 02/06', NULL, NULL, '', NULL, 123.17, '', NULL, NULL, 1, 8, 2, 2),
	(65, '2020-04-15', '00:00:00', '00:00:00', 'Troca da Junta da Tampa de V·lvula e Ûleo', NULL, NULL, '', NULL, 200, '', NULL, NULL, 1, 8, 2, 2),
	(66, '2020-04-15', '00:00:00', '00:00:00', 'Ped·gios  (Veloe)', NULL, NULL, '', NULL, 32.1, 'Veloe', NULL, NULL, 1, 11, 2, 2),
	(67, '2020-04-17', '00:00:00', '00:00:00', 'Atendimento', NULL, NULL, '', NULL, 100, 'geladeira', NULL, NULL, 1, 10, 2, 1),
	(68, '2020-04-17', '00:00:00', '00:00:00', 'Atendimento', NULL, NULL, '', NULL, 130, '', NULL, NULL, 1, 10, 2, 1),
	(69, '2020-04-18', '00:00:00', '00:00:00', 'Atendimento', NULL, NULL, '', NULL, 100, 'Sandeiro', NULL, NULL, 1, 10, 2, 1),
	(70, '2020-04-18', '00:00:00', '00:00:00', 'Atendimento', NULL, NULL, '', NULL, 40, 'Classic', NULL, NULL, 1, 10, 2, 1),
	(71, '2020-04-20', '00:00:00', '00:00:00', 'Abastecimento', 305522, NULL, '', NULL, 219.23, '', NULL, NULL, 1, 1, 2, 2),
	(72, '2020-04-20', '00:00:00', '00:00:00', 'Tributo Simples Nacional', NULL, NULL, '', NULL, 58.25, '', NULL, NULL, 1, 6, 2, 2),
	(73, '2020-04-20', '00:00:00', '00:00:00', 'Atendimento', NULL, NULL, '', NULL, 150, 'Fiorino', NULL, NULL, 1, 10, 2, 1),
	(74, '2020-04-29', '00:00:00', '00:00:00', 'Atendimento', NULL, NULL, '', NULL, 300, '', NULL, 6, 1, 3, 2, 1),
	(75, '2020-04-29', '00:00:00', '00:00:00', 'Atendimento', NULL, NULL, '', NULL, 150, '', NULL, NULL, 1, 10, 2, 1),
	(76, '2020-04-29', '00:00:00', '00:00:00', 'Atendimento', NULL, NULL, '', NULL, 150, '', NULL, NULL, 1, 10, 2, 1),
	(77, '2020-05-01', '00:00:00', '00:00:00', 'Claro - 11 988665353', NULL, NULL, '', NULL, 49.98, '', NULL, NULL, 1, 4, 2, 2),
	(78, '2020-05-05', '00:00:00', '00:00:00', 'Carsystem (Seguro) 04/12', NULL, NULL, '', NULL, 139, '', NULL, NULL, 1, 15, 2, 2),
	(79, '2020-05-07', '00:00:00', '00:00:00', 'Abastecimento', 305966, NULL, '', NULL, 224.33, '', NULL, NULL, 1, 1, 2, 2),
	(80, '2020-05-10', '00:00:00', '00:00:00', '08 Rodizios para os patins 02/02', NULL, NULL, '', NULL, 103.6, '', NULL, NULL, 1, 7, 2, 2),
	(81, '2020-05-10', '00:00:00', '00:00:00', 'Cadeados Padr„o 6 Unidades 03/03', NULL, NULL, '', NULL, 46.06, '', NULL, NULL, 1, 7, 2, 2),
	(82, '2020-05-10', '00:00:00', '00:00:00', 'Caixa de Ferramentas (Guincho) 03/05', NULL, NULL, '', NULL, 94.29, '', NULL, NULL, 1, 7, 2, 2),
	(83, '2020-05-10', '00:00:00', '00:00:00', 'InstalaÁ„o de Alarme, Vidro e Trava ElÈtrica e Camera de rÈ  03/10', NULL, NULL, '', NULL, 125, '', NULL, NULL, 1, 7, 2, 2),
	(84, '2020-05-10', '00:00:00', '00:00:00', 'Macaco e Kit reparo Pneu 03/03', NULL, NULL, '', NULL, 176.32, '', NULL, NULL, 1, 7, 2, 2),
	(85, '2020-05-10', '00:00:00', '00:00:00', 'Atendimento', NULL, NULL, '', NULL, 50, '', NULL, NULL, 1, 10, 2, 1),
	(86, '2020-05-10', '00:00:00', '00:00:00', 'Atendimento', NULL, NULL, '', NULL, 115, '', NULL, NULL, 1, 10, 2, 1),
	(87, '2020-05-10', '00:00:00', '00:00:00', 'Atendimento', NULL, NULL, '', NULL, 250, 'Regis', NULL, NULL, 1, 10, 2, 1),
	(88, '2020-05-12', '00:00:00', '00:00:00', 'Atendimento', NULL, NULL, '', NULL, 100, '', NULL, NULL, 1, 10, 2, 1),
	(89, '2020-05-15', '00:00:00', '00:00:00', 'Maquina de Cart„o 03/10', NULL, NULL, '', NULL, 29.98, '', NULL, NULL, 1, 7, 2, 2),
	(90, '2020-05-15', '00:00:00', '00:00:00', 'Alternador  Parcela 03/06', NULL, NULL, '', NULL, 125.64, '', NULL, NULL, 1, 8, 2, 2),
	(91, '2020-05-16', '00:00:00', '00:00:00', 'Abastecimento', 306270, NULL, '', NULL, 149.45, '', NULL, NULL, 1, 1, 2, 2),
	(92, '2020-05-16', '00:00:00', '00:00:00', 'Atendimento', NULL, NULL, '', NULL, 182.55, '', NULL, 6, 1, 3, 2, 1),
	(93, '2020-05-17', '00:00:00', '00:00:00', 'Atendimento', NULL, NULL, '', NULL, 450, 'FIT (Guaruj·)', NULL, NULL, 1, 10, 2, 1),
	(94, '2020-05-18', '00:00:00', '00:00:00', 'Abastecimento', 306498, NULL, '', NULL, 77.81, '', NULL, NULL, 1, 1, 2, 2),
	(95, '2020-05-18', '00:00:00', '00:00:00', 'Atendimento', NULL, NULL, '', NULL, 120, '', NULL, NULL, 1, 10, 2, 1),
	(96, '2020-05-20', '00:00:00', '00:00:00', 'Tributo Simples Nacional', NULL, NULL, '', NULL, 58.25, '', NULL, NULL, 1, 6, 2, 2),
	(97, '2020-05-22', '00:00:00', '00:00:00', 'Atendimento', NULL, NULL, '', NULL, 140, 'Corsa', NULL, 6, 1, 3, 2, 1),
	(98, '2020-05-22', '00:00:00', '00:00:00', 'Atendimento', NULL, NULL, '', NULL, 120, 'Fiorino', NULL, NULL, 1, 10, 2, 1),
	(99, '2020-05-22', '00:00:00', '00:00:00', 'Atendimento', NULL, NULL, '', NULL, 120, 'Fiesta', NULL, NULL, 1, 10, 2, 1),
	(100, '2020-05-23', '00:00:00', '00:00:00', 'Atendimento', NULL, NULL, '', NULL, 200, 'Elevador (Val)', NULL, NULL, 1, 10, 2, 1);
/*!40000 ALTER TABLE `called` ENABLE KEYS */;

-- Dumping structure for table controla_guincho.call_type
CREATE TABLE IF NOT EXISTS `call_type` (
  `id` bigint(20) NOT NULL AUTO_INCREMENT,
  `description` varchar(255) DEFAULT NULL,
  PRIMARY KEY (`id`)
) ENGINE=InnoDB AUTO_INCREMENT=3 DEFAULT CHARSET=utf8;

-- Dumping data for table controla_guincho.call_type: ~2 rows (approximately)
/*!40000 ALTER TABLE `call_type` DISABLE KEYS */;
REPLACE INTO `call_type` (`id`, `description`) VALUES
	(1, 'Entrada'),
	(2, 'Saída');
/*!40000 ALTER TABLE `call_type` ENABLE KEYS */;

-- Dumping structure for table controla_guincho.category
CREATE TABLE IF NOT EXISTS `category` (
  `id` bigint(20) NOT NULL AUTO_INCREMENT,
  `description` varchar(255) DEFAULT NULL,
  PRIMARY KEY (`id`)
) ENGINE=InnoDB AUTO_INCREMENT=8 DEFAULT CHARSET=utf8;

-- Dumping data for table controla_guincho.category: ~7 rows (approximately)
/*!40000 ALTER TABLE `category` DISABLE KEYS */;
REPLACE INTO `category` (`id`, `description`) VALUES
	(1, 'Kovi'),
	(2, 'Localiza'),
	(3, 'Mafre'),
	(4, 'Kavak'),
	(5, 'Seguros'),
	(6, 'Outros'),
	(7, 'Sem Categoria');
/*!40000 ALTER TABLE `category` ENABLE KEYS */;

-- Dumping structure for table controla_guincho.client
CREATE TABLE IF NOT EXISTS `client` (
  `id` bigint(20) NOT NULL AUTO_INCREMENT,
  `brand` varchar(255) DEFAULT NULL,
  `color` varchar(255) DEFAULT NULL,
  `license_plate` varchar(255) DEFAULT NULL,
  `model` varchar(255) DEFAULT NULL,
  `name` varchar(255) DEFAULT NULL,
  `phone` varchar(255) DEFAULT NULL,
  PRIMARY KEY (`id`)
) ENGINE=InnoDB DEFAULT CHARSET=utf8;

-- Dumping data for table controla_guincho.client: ~0 rows (approximately)
/*!40000 ALTER TABLE `client` DISABLE KEYS */;
/*!40000 ALTER TABLE `client` ENABLE KEYS */;

-- Dumping structure for table controla_guincho.delivery
CREATE TABLE IF NOT EXISTS `delivery` (
  `id` bigint(20) NOT NULL AUTO_INCREMENT,
  `address` varchar(255) DEFAULT NULL,
  `date_hour` varchar(255) DEFAULT NULL,
  `km` double NOT NULL,
  `latitude` double NOT NULL,
  `longitude` double NOT NULL,
  `photo_id` bigint(20) DEFAULT NULL,
  PRIMARY KEY (`id`),
  KEY `FKnqm4mio5chowh7p987oah32ic` (`photo_id`),
  CONSTRAINT `FKnqm4mio5chowh7p987oah32ic` FOREIGN KEY (`photo_id`) REFERENCES `photo` (`id`)
) ENGINE=InnoDB DEFAULT CHARSET=utf8;

-- Dumping data for table controla_guincho.delivery: ~0 rows (approximately)
/*!40000 ALTER TABLE `delivery` DISABLE KEYS */;
/*!40000 ALTER TABLE `delivery` ENABLE KEYS */;

-- Dumping structure for table controla_guincho.driver_call
CREATE TABLE IF NOT EXISTS `driver_call` (
  `id` bigint(20) NOT NULL AUTO_INCREMENT,
  `description` varchar(255) DEFAULT NULL,
  PRIMARY KEY (`id`)
) ENGINE=InnoDB AUTO_INCREMENT=4 DEFAULT CHARSET=utf8;

-- Dumping data for table controla_guincho.driver_call: ~3 rows (approximately)
/*!40000 ALTER TABLE `driver_call` DISABLE KEYS */;
REPLACE INTO `driver_call` (`id`, `description`) VALUES
	(1, 'Miguel'),
	(2, 'Cláudio'),
	(3, 'Sem Motorista Definido');
/*!40000 ALTER TABLE `driver_call` ENABLE KEYS */;

-- Dumping structure for table controla_guincho.exit_entity
CREATE TABLE IF NOT EXISTS `exit_entity` (
  `id` bigint(20) NOT NULL AUTO_INCREMENT,
  `address` varchar(255) DEFAULT NULL,
  `date_hour` varchar(255) DEFAULT NULL,
  `km` double NOT NULL,
  `latitude` double NOT NULL,
  `longitude` double NOT NULL,
  `photo_id` bigint(20) DEFAULT NULL,
  PRIMARY KEY (`id`),
  KEY `FK4hcp1a5q9w1lds4dgy83bul9w` (`photo_id`),
  CONSTRAINT `FK4hcp1a5q9w1lds4dgy83bul9w` FOREIGN KEY (`photo_id`) REFERENCES `photo` (`id`)
) ENGINE=InnoDB DEFAULT CHARSET=utf8;

-- Dumping data for table controla_guincho.exit_entity: ~0 rows (approximately)
/*!40000 ALTER TABLE `exit_entity` DISABLE KEYS */;
/*!40000 ALTER TABLE `exit_entity` ENABLE KEYS */;

-- Dumping structure for table controla_guincho.expense
CREATE TABLE IF NOT EXISTS `expense` (
  `id` bigint(20) NOT NULL AUTO_INCREMENT,
  `description` varchar(255) DEFAULT NULL,
  `value` double NOT NULL,
  `expense_type_id` bigint(20) DEFAULT NULL,
  `photo_id` bigint(20) DEFAULT NULL,
  `user_id` bigint(20) DEFAULT NULL,
  PRIMARY KEY (`id`),
  KEY `FK91q29woqssp2ywxeyvq6lxx10` (`expense_type_id`),
  KEY `FK9bqldb0e0mf7ygflbi65h3n0x` (`photo_id`),
  KEY `FK758h5dgdblrpwoaaycbmn29i0` (`user_id`),
  CONSTRAINT `FK758h5dgdblrpwoaaycbmn29i0` FOREIGN KEY (`user_id`) REFERENCES `user` (`id`),
  CONSTRAINT `FK91q29woqssp2ywxeyvq6lxx10` FOREIGN KEY (`expense_type_id`) REFERENCES `expense_type` (`id`),
  CONSTRAINT `FK9bqldb0e0mf7ygflbi65h3n0x` FOREIGN KEY (`photo_id`) REFERENCES `photo` (`id`)
) ENGINE=InnoDB AUTO_INCREMENT=2 DEFAULT CHARSET=utf8;

-- Dumping data for table controla_guincho.expense: ~1 rows (approximately)
/*!40000 ALTER TABLE `expense` DISABLE KEYS */;
REPLACE INTO `expense` (`id`, `description`, `value`, `expense_type_id`, `photo_id`, `user_id`) VALUES
	(1, 'Teste Despesa (Peças)', 12.33, 1, 1, 3);
/*!40000 ALTER TABLE `expense` ENABLE KEYS */;

-- Dumping structure for table controla_guincho.expense_type
CREATE TABLE IF NOT EXISTS `expense_type` (
  `id` bigint(20) NOT NULL AUTO_INCREMENT,
  `description` varchar(255) DEFAULT NULL,
  PRIMARY KEY (`id`)
) ENGINE=InnoDB AUTO_INCREMENT=6 DEFAULT CHARSET=utf8;

-- Dumping data for table controla_guincho.expense_type: ~5 rows (approximately)
/*!40000 ALTER TABLE `expense_type` DISABLE KEYS */;
REPLACE INTO `expense_type` (`id`, `description`) VALUES
	(1, 'Peças'),
	(2, 'Mão de obra'),
	(3, 'Abastecimento'),
	(4, 'Alimentação'),
	(5, 'Diversos');
/*!40000 ALTER TABLE `expense_type` ENABLE KEYS */;

-- Dumping structure for table controla_guincho.feedback
CREATE TABLE IF NOT EXISTS `feedback` (
  `id` bigint(20) NOT NULL AUTO_INCREMENT,
  `comment` varchar(255) DEFAULT NULL,
  `screenshot` longblob,
  `feedback_type_id` bigint(20) DEFAULT NULL,
  PRIMARY KEY (`id`),
  KEY `FKjsrxy50ryld4mkec28qiv819s` (`feedback_type_id`),
  CONSTRAINT `FKjsrxy50ryld4mkec28qiv819s` FOREIGN KEY (`feedback_type_id`) REFERENCES `feedback_type` (`id`)
) ENGINE=InnoDB DEFAULT CHARSET=utf8;

-- Dumping data for table controla_guincho.feedback: ~0 rows (approximately)
/*!40000 ALTER TABLE `feedback` DISABLE KEYS */;
/*!40000 ALTER TABLE `feedback` ENABLE KEYS */;

-- Dumping structure for table controla_guincho.feedback_type
CREATE TABLE IF NOT EXISTS `feedback_type` (
  `id` bigint(20) NOT NULL AUTO_INCREMENT,
  `description` varchar(255) DEFAULT NULL,
  PRIMARY KEY (`id`)
) ENGINE=InnoDB AUTO_INCREMENT=4 DEFAULT CHARSET=utf8;

-- Dumping data for table controla_guincho.feedback_type: ~3 rows (approximately)
/*!40000 ALTER TABLE `feedback_type` DISABLE KEYS */;
REPLACE INTO `feedback_type` (`id`, `description`) VALUES
	(1, 'BUG'),
	(2, 'IDEA'),
	(3, 'OTHER');
/*!40000 ALTER TABLE `feedback_type` ENABLE KEYS */;

-- Dumping structure for table controla_guincho.journey
CREATE TABLE IF NOT EXISTS `journey` (
  `id` bigint(20) NOT NULL AUTO_INCREMENT,
  `date_hour_end` varchar(255) DEFAULT NULL,
  `date_hour_init` varchar(255) DEFAULT NULL,
  `user_id` bigint(20) DEFAULT NULL,
  `vehicle_id` bigint(20) DEFAULT NULL,
  PRIMARY KEY (`id`),
  KEY `FK2pybay4vs7rhxs6wbi4clhkgn` (`user_id`),
  KEY `FK16c792du01i7e9utclatpgf5p` (`vehicle_id`),
  CONSTRAINT `FK16c792du01i7e9utclatpgf5p` FOREIGN KEY (`vehicle_id`) REFERENCES `vehicle` (`id`),
  CONSTRAINT `FK2pybay4vs7rhxs6wbi4clhkgn` FOREIGN KEY (`user_id`) REFERENCES `user` (`id`)
) ENGINE=InnoDB AUTO_INCREMENT=6 DEFAULT CHARSET=utf8;

-- Dumping data for table controla_guincho.journey: ~4 rows (approximately)
/*!40000 ALTER TABLE `journey` DISABLE KEYS */;
REPLACE INTO `journey` (`id`, `date_hour_end`, `date_hour_init`, `user_id`, `vehicle_id`) VALUES
	(1, NULL, '06/09/2022 - 03:03:44', 3, 1),
	(2, NULL, '06/09/2022 - 03:07:01', 3, 1),
	(3, NULL, '06/09/2022 - 03:09:46', 3, 1),
	(4, NULL, '06/09/2022 - 03:20:54', 3, 1),
	(5, NULL, '06/09/2022 - 04:03:28', 3, 1);
/*!40000 ALTER TABLE `journey` ENABLE KEYS */;

-- Dumping structure for table controla_guincho.origin
CREATE TABLE IF NOT EXISTS `origin` (
  `id` bigint(20) NOT NULL AUTO_INCREMENT,
  `description` varchar(255) DEFAULT NULL,
  PRIMARY KEY (`id`)
) ENGINE=InnoDB AUTO_INCREMENT=6 DEFAULT CHARSET=utf8;

-- Dumping data for table controla_guincho.origin: ~5 rows (approximately)
/*!40000 ALTER TABLE `origin` DISABLE KEYS */;
REPLACE INTO `origin` (`id`, `description`) VALUES
	(1, 'Reboque.me (KOVI)'),
	(2, 'Reboque.me (Seguro'),
	(3, 'Cadê Guincho?'),
	(4, 'Particular'),
	(5, 'Outros');
/*!40000 ALTER TABLE `origin` ENABLE KEYS */;

-- Dumping structure for table controla_guincho.origin_call
CREATE TABLE IF NOT EXISTS `origin_call` (
  `id` bigint(20) NOT NULL AUTO_INCREMENT,
  `description` varchar(255) DEFAULT NULL,
  PRIMARY KEY (`id`)
) ENGINE=InnoDB AUTO_INCREMENT=16 DEFAULT CHARSET=utf8;

-- Dumping data for table controla_guincho.origin_call: ~15 rows (approximately)
/*!40000 ALTER TABLE `origin_call` DISABLE KEYS */;
REPLACE INTO `origin_call` (`id`, `description`) VALUES
	(1, 'Abastecimento'),
	(2, 'Alphaprint'),
	(3, 'Cadê Guinchos'),
	(4, 'Diversos'),
	(5, 'Financiamento'),
	(6, 'Impostos'),
	(7, 'Investimento'),
	(8, 'Manutenção'),
	(9, 'Multas'),
	(10, 'Particular'),
	(11, 'Pedágios'),
	(12, 'Reboque.me'),
	(13, 'Refeição'),
	(14, 'Salário'),
	(15, 'Seguro');
/*!40000 ALTER TABLE `origin_call` ENABLE KEYS */;

-- Dumping structure for table controla_guincho.permission
CREATE TABLE IF NOT EXISTS `permission` (
  `id` bigint(20) NOT NULL,
  `criar` int(11) DEFAULT NULL,
  `description` varchar(255) DEFAULT NULL,
  `editar` int(11) DEFAULT NULL,
  `excluir` int(11) DEFAULT NULL,
  `visualizar` int(11) DEFAULT NULL,
  PRIMARY KEY (`id`)
) ENGINE=InnoDB DEFAULT CHARSET=utf8;

-- Dumping data for table controla_guincho.permission: ~3 rows (approximately)
/*!40000 ALTER TABLE `permission` DISABLE KEYS */;
REPLACE INTO `permission` (`id`, `criar`, `description`, `editar`, `excluir`, `visualizar`) VALUES
	(1, 1, 'ADM', 1, 1, 1),
	(2, 1, 'ENCARREGADO', 1, 0, 0),
	(3, 0, 'USUARIO_BAIXO', 0, 0, 1);
/*!40000 ALTER TABLE `permission` ENABLE KEYS */;

-- Dumping structure for table controla_guincho.photo
CREATE TABLE IF NOT EXISTS `photo` (
  `id` bigint(20) NOT NULL AUTO_INCREMENT,
  `date_hour` varchar(255) DEFAULT NULL,
  `description` varchar(255) DEFAULT NULL,
  `latitude` double NOT NULL,
  `longitude` double NOT NULL,
  `path` longblob,
  PRIMARY KEY (`id`)
) ENGINE=InnoDB AUTO_INCREMENT=2 DEFAULT CHARSET=utf8;

-- Dumping data for table controla_guincho.photo: ~0 rows (approximately)
/*!40000 ALTER TABLE `photo` DISABLE KEYS */;
REPLACE INTO `photo` (`id`, `date_hour`, `description`, `latitude`, `longitude`, `path`) VALUES
	(1, '2022-09-06T15:21:42.263884300', NULL, -23.6927579, -46.6738231, _binary 0xFFD8FFE101644578696600004D4D002A000000080007010000040000000100000190011000020000000E0000006201010004000000010000012C010F0002000000070000007087690004000000010000008B011200030000000100060000013200020000001400000077000000005265646D69204E6F7465203953005869616F6D6900323032323A30393A30362031353A32313A3133000007A40300030000000100000000882700030000000103110000920A000500000001000000E5829A000500000001000000ED920900030000000100100000920800040000000100000000829D000500000001000000F50000000000001284000003E8000001A000002710000045EC000027100004011000020000000E00000133010F00020000000700000141011200030000000100060000013200020000001400000148000000005265646D69204E6F7465203953005869616F6D6900323032323A30393A30362031353A32313A313300FFE000104A46494600010100000100010000FFE202284943435F50524F46494C450001010000021800000000021000006D6E74725247422058595A2000000000000000000000000061637370000000000000000000000000000000000000000000000000000000010000F6D6000100000000D32D0000000000000000000000000000000000000000000000000000000000000000000000000000000000000000000000000000000964657363000000F0000000747258595A00000164000000146758595A00000178000000146258595A0000018C0000001472545243000001A00000002867545243000001A00000002862545243000001A00000002877747074000001C80000001463707274000001DC0000003C6D6C756300000000000000010000000C656E5553000000580000001C0073005200470042000000000000000000000000000000000000000000000000000000000000000000000000000000000000000000000000000000000000000000000000000000000000000000000000000000000000000058595A200000000000006FA2000038F50000039058595A2000000000000062990000B785000018DA58595A2000000000000024A000000F840000B6CF706172610000000000040000000266660000F2A700000D59000013D000000A5B000000000000000058595A20000000000000F6D6000100000000D32D6D6C756300000000000000010000000C656E5553000000200000001C0047006F006F0067006C006500200049006E0063002E00200032003000310036FFDB00430006040506050406060506070706080A100A0A09090A140E0F0C1017141818171416161A1D251F1A1B231C1616202C20232627292A29191F2D302D283025282928FFDB0043010707070A080A130A0A13281A161A2828282828282828282828282828282828282828282828282828282828282828282828282828282828282828282828282828FFC0001108012C019003012200021101031101FFC4001C0000010501010100000000000000000000060203040507010800FFC400471000020103030205030204040307020407010203040511001221063107132241511461713281234291A11552B1C162D1F0081624337282E12543175392F1264463A2B2C2D2FFC4001A010003010101010000000000000000000000010203050406FFC40035110002020102040307040104030100000000010211210331041241516191C10513227181A1F032B1D1E142061423F1527292C2FFDA000C03010002110311003F00C5DA3603819E3DB4B1031EEA7279C7C6AC8D7D3C4709081F96CE9B6BCA2AF0225FBEDFFE742312325248C73E59CFE3BE9E4B6CE4E7CA3F7FBE9B7BE0038A8719F6541A664BD0627F8D3B1FEDFEBAA11649689F68DDB40C9E4F1A50B688CA96A88D4FB1DFAA437366F6908FBF3A49AC958E494503DCE7FE5A605E1A4A4404C95009E7B0CEA4D47D17D113877E01E463432D34EC4FF1A251F83FF2D4985279A830D29CED6030742064A35B4CA0148547C64EA34F75560530807DB548222E0F249EF9275F1455619C691545F753D5D39B924D16D63244AC7CB219471D860F1F8D438655910329E3DC7FB69776148D6EB7CB4EE86A0C663942B7A8609C657DBDF9F7E0FBF15F46E527C6783F3ADB8ACEA37DF3E7931D05FF001A5DB1E459F600B0FCFDB4474F3197A22B69A5A88163A7AB8E78A277C3B16055B68F7FE5FC63EFA1AFE5049CF1A29E86ABA8FF00EA96A85626170A5913D6480195090C36AB12402DC01CEBC1C4621CDDB3E5FD1E88EF40855C6258594727191F9D49E86AB7A6BC54528929214B852CB452495727968A1D7BEEC1C7207E7B719CE9BC7607F234E51B0A3AF8AB2251E6C4C1867B1FCEB59AE6838F72561D912E11BC643F3BE3C0E3F97555339965791800CCC4E076D683D5D42A9769C849169EB116A622E412C1F9CE47DF3FD3403510B433153FB1F9D569494E2A5DC258C0794AE97DF09AB2D924D10AAA09BCE815D807718FD099E31C03C1F63C76CE5D4BEAA69813C020FF00B6B48F0AAE868EFCD49E450CC2B13C902B50B2024FB63B1FBFB7BE826F96E6B47515D2DF2A8568A465DABD8739C7EDDBF6D651F867289D5D7FF9787D3D65BECFF3EFF51A81D9289638DDFCA63B993271B8719C7CE8FBC10BCFD0751D55B257FE1D52F9B102C7F5AF7007C952493FF00D6794877472C7DC8F58FF0043FEDA7EDD7092D378A1B941B8B534AAE555B69600F2B9F82323F7D535783C49D64D57C40B1D74FD674963A0F2450DFEB229E30C8AA3EA7FF288DDDF0778273C65B57DD4571A0B5DC21EAFB3DCE9EE6F40ED4B199E12CD5350A195266CE3D43D32E31FCA08CEACFAE245AAF0FEAEE34104357511C1BA19B019A3462A5A446F62132723D86B3BB3B4F7AAEEA3B3DC60816E376A78EEB4C200CC3CE11F9D84C9214BA48C5893C6DC6476D28BC152590766A8A39AC2E25129BD3560904C496FE0F97CF7EC4B1CE79271FCB8F5E93D6065896D7D415C91C6F5D491495423042A4A51495E7B1C10A0673E93A11E948D2BAE974EABBB53C4F69B4859DE9C9628CE7D34D4EA092766E555C6788D1B9E356DD0BD5F5DD435F7BA4BCAC175AAA949ABA8E1AC0251F51B4E51030F704F1918DA48C649D696D3B46692D9963D673BD836F4D435265A9490555CDD46D1F5040021FF0089630300E4F2EC74AE8736DBE749DCACB76A67A87B616AAA68636DB23C4C18ED401B736183039E394CF38D04DB278F3595558CB3D5C99544909E59F76E94F1838C76C83B9D4F2011A32E81A16B7540EA7AEAC4B7DA6093E8B2ED835324801DB8C728836B13EC483D81C392F84517F103EB71174BE56DCAF52F9AEDBAA1D1CB3199CFE94CE738C919391850D839C02DD1DA2BEF338A6B044FFE23BBEA2128FB5A311FA8C9BB8C6D03BFDC0EE40D4AEB0B4C76CEA3963A568CD14E054D3B2B0DBE5B7231CF60723F033ABCBBCB57E1FF004BCF4721115FAF71464AA9FE251D38DAC10E470CC7938CF2061814234AF181D64BFF00142C125D28A92F16E89EAE689764A29D0B978F9218004F00E7B67BF7C0D545C6EF45D29D0B47436E8F1D45758567A9AA3C3C3130188D08EC063F76DC78C2E69FC13BDFD2754CB6D97688AE29C13ED2A02473F75DDFB81AA3EB78EA63EB2BB0B812D37D43776FE43CA76CE06DDB81F18D64957C2CD2EF257352D443490CB3412253CE1BCA765215F1C1C1C60E3B6B52F0E2B29FA9BA3EBFA5AE5213514EA7CA76392D1139461CE4946E0F618DA3DCE85BAE6F74573A9A7B7D957FFA3D0E440C4302D9555CE1892A36A28FB90CC705B008FA32CF47D1B053F54752D6C74A2B61F2A9E0F2D999236C30760324160B9031FA483DDB0092B8DF5147732FBA51CD6DAFA8A3AB4293C0E51811EE3FDBDC1D447E7DF5AA78AB6EA4BD5A293AB6CAC25A671B2760854B0CE15C82011DB6F3FF000EB286F6078CF38D34EC1AA3EEE307DCEB8C64464961729346C191870411F7D7C49F63AF8F39CF7274C47A2FA07A863EA8E9C86A0B7FE36101275F70E3DFF7EFA2CA77F363E4E1C70C35E67E81EA293A67A8E29CB1FA29CF975080F183D9BF6D7A3A399088EAA060F148A0E5790CA7B1D45560B4C72BE8E3ACA7314C095C820838208EC41D2228044A06E6723F99BBEA770C323073DB4D3291A286358C6B9B74E11AE634520B1B2A0E91827B0CFE34F11AE63E34920791BDA7F1F9D742F7E069CD7DAAA150D118D7C069CC71C6BEC71C69D8A8F26AD0CCC70DB87E4E9D4B6923D440C7F7D499EB63881C72DF006A1497199CFA30841EFDF5AD33C96C91F430A732BE07D877D7522A70C3665B1DCE750B32CC01CB371918D7C8648F1B94FF004D3A02D2358F7FFE5A9FBE74CCB4EB2138041031C6A32F2A76B15FCEA542CE3B7AB9D2A06C8C41460AD9FE9CEAFBA7613590CF142157CB567C31EE07381FDFFE8EA9662DE665C11FDB441D10FB2E32048DE42EA415888DED907B648EDDF571DF244B6C0292C837B058F69048D4770727B0D48AE022ACA8465C3063C039E7F3A8E5BDB9D0D16B6080AB4BD1AAD1AC0AB0D400F8E1D8E1B04FCFEAE3ED9F8D5193B4A91DC7C6ACED34E6AED9724351247143179FB373056239391D8F03DF9E0633AAD7DA4054EE35BF13F14613AE95E5830D0F85CE3E3FB9650307404138C670756BD35569497DA29262042640B216246149C1391C8C039C8F8D5050BE4153C11A28E98B09BF354C304D1C53C4A8EBE69C210645424FC6378E79FC1D78359C541F3EC7A637781AEB1A06B5F535CA8C81849894007F29F52FF62354FB8FC761D8E89FADA942BDAABA28EB07D651C6D2C9508E37CC07AF6B30F50C15E413F9D094F30899430E09EFA5C3BE6D38B09618797D7170E94B0DC04518929D0D0CCCA7FCB928B83FF0F39F963A0ABD53192212A8F52F047C8D5EF4E4F1D6F4F5F2999EA7CD8BCBA98F6C4D220D9BF716201DBC36339039E7B71110EF187030473A3875CBCD0ECFF7C84B20E5AAA5A92BA09E3728D1B83B94F23F1A29F1ACC55DD4B4F7AA57478AB1363796E582119001DC036782791F18D0BD753FD354B205F49E57F1A3FAFA7A7EA1F06DA5869A34AFB3CAAD34B8197462704F19272368F80DF7D56B2E594648E9700D6A68EA68BDF75F9E2D246474F204AB04F0B9DADF83C1D48A84255D1BB8D42957F899CF7D4F2DBE38E4EFB979FC8E0E9B3C48DD3C1ABA477AE8D36EACDB2B401A92549083B93195C8F8DA76F3DF69D0AF445987487545D2E77CA7AF7A6B5ABC70B410FAA50F9432E0B01B046643FA87AB60E7246A97C1ABB1B6758B5233110D726D038C7989965249FB6F1F961A38F18ADB2565E6CB2BDC7E8A826867852493D31C7318C95567C8DA2438424F00024F19D46D2F99A6F1B06BC4B9200F6DB4D8293E8A82E11C775757611ACAEE1C23B6EE23554663DF680EC781AA9E989EB6E5D75656E9E8A44302C28AB1C2232A8AB998B98F971CCB973CB2F7C0F489E2A2A6E3E19C75B4F26DACB448D413BA021CD2CDFA7739CE7277460291E8041182732D0C1D0DE1EFD4D356C6DD47D4316C510B0DF45481BD5BB83CC84638C101783C91AB5B10F71DBFF4D6DF12A9ECF03C74D15C654785E4FD110727390A06D5560DF8503549E255FA9EB2AE9AD166776B259D5A9E94C8518CA4B9679095C83B89CF72318C6338D10F4F5FAE171F096F30C4D249596BD912CBB77B242E71C6738C289064636A818C6341547596DA7E95BA53CB0C525C2A42A233AAB3A3092360C9C128A11240CDB81632A80A423369A6FA83EE8D3FA2A4B4F53F8791CD7C8DAA26E9F0D944946F31A80EBB9785DA42ED00F7D8791CE84ADCF2758F595557DEA685E798B4BE448E54D5498C47002391B88552C48C0C92D9EF77E0A58E7A4792ED7510C569B846F6E8167700554A5909555230DC718F7DD819C36047AA6DB51D33D495B450CB2A6C2E23915882F0BA91C9006728C55B031FA876D4ADE8AE856FAE86BCCD41548D2D2CBBE1A98B201646CAB2EE008E40C6403CF6D6B9E2C59AA2B6C36FBF4F0AC55D0C69156471BEE55DDF07382039238CE770E70343DD0BF4FD27D3D51D5F75A62D38DD0DA1195B324ACA4348324703901867F9C8F522E9EF0AFADEBAEFD413D9FA86A0D6D257A385595570AF8248EDFA48C8C761EC34A6F36851EC27C3CE9C82B69E6EA0BC4E91586DCF9932A1C5448A031888F74C11BB0093B9547EAE05FAE3A9E7EA8BD4952C5D69632569E127F42E7B9C7F31EE7FA7B6883C53AE8ADD58FD2F6680D1DB299C4D3461D9BCD91C07192492400C3827BFE06A99BA7A8A97A41EEB59708DEB25644A5A6A760E012727CC6ED9080E5464A964DDB7382D3EAC75D02EF042ED4F554B70E97B86D686A11A48909C6E0462451F7C73C7B64FB680FAAACB374FDF6AADF5393E5B6637C63CC43C823F6FE8723DB502D3555B6EBA52D75A831AD86656895739739C6DC0E4E46411EE35B778C3D3AD75E9F4BBC51015D4299942E0EE8BF9B9C73B7B8FB6EF73A9FD32A1ACA30A5381CF3F9D7CC493CE0E923B633CEBBEE3B6AE893E71BC6D3C8D6BFE0A755495A93582BD8BCB027990484FEA4F75FDB83FB9D64288F2101012588000192C4F6035B1746D9EDFD05426F7D4952905554811A260B151F000E49F9F8D4C98D1A9D2BF96DE4B1E3BA1FB7C6A495CEA86C77AA0EA3B62D7DA66F3230C4648C32B0F623DBFF9D5DD3CA258C3763D88F83A48A4CE94F6D21948EFA7F5C232340D91F1AE634E32E349D0489C6BEC695AFB19D03B11AFB4A235C234059E4124991B777D3D061727383EC753AA29821DCB923EFAED3450499CA6D6FB6B7478848923501C152F9F6E38D71E743CEE273EDEDA926DD19C81904FC1CE9228171866C69D2159111C3C81987A41ED8D29CEF6062047E38D4AFA48811FC5C0F8FF00AFDF4A458231C02C73EC3420184777187C1238C1D5DF483F957A8CF99E513DE40C06D1D89C907FD35580166CA4183F7F7D4BB4FF00E1EE90CF5391086CB84009C7DBB69ADC456F54D3C30DF6B1627F310B92AF90430F9C8E3FB0FC0D5522649031F3A2DEA88A9EEB7A9AAE9849E548738740A738F81903DFDF5005BE18C7AD971F9D27B951DB27DD1F1235E628A591824A8D1B2AF67047E93EC41E38FF00F7D541A693CC64F2CAB0383ABEB7D4D3515741242D119C30D9B80C03EC79D72F33FD3DD2786A62093B1DEE00E14B0DD8FEFED9D7A1DCB417837F74BF830551D66EF74BECFF00B29A9A1643B8F1EE7453D0B54B45D596F9A490A46AFCED5DC5C60FA31FF17E9FDF4371C8CD2306CF07DBE353282A5A8EB69EAA2C9921956518241CA9C8E7F235E2D5873C251EE8F4279B0DFAA284D47494D554D344F4B4170709188C8F2239B690AAC71B802547E9EF92095C6B34B88CAA1F8D6C1562AEEC9798E8FE9D61BCD0435C60348EAE248F016141E925B38C100A9C83EF9D64958A5E0238C8E7F3AF2F0127CAE2FA7AFF00765EA069D17414F48B66BBD0D64427695E8EB20A8A7F3230250C80921864631E8EFF00A9B9031A8171B7CF68BB54D055712C0E54E46370EE08FC8C1FDF4FF87534B51D3BD5F6EA51079EF44B5D99E212A9581892A1082092580E471F9C6A4F5A1A89AEB4F71AD969A49AE3490D4B1A688A46A4A05DA324E480A32727BFB68D19497153849FE61AFDDAFA09D72A60DDE21F3A90C83F5273FB7BE8A3C18AB492BEE3659A511C571A678D58A06546C643104FB1031AA55F52953EE31AAEB2D43D97A9696A15519525042BF2AC33D8FC8ED91AF76A479A0D1BF03A9EEF5E2EF7C79FF1B827D4544F6DBCD551BA3A189CA857FD407B67EF8C69346FBA19109E57D63FD0FF00B68F3C79B2C76EEA9A6ADA5117D25C69D6A223183EA07F98E492324900139C2EB3BA293CB9D09FD39DA7F078D67177135E220B4F55A5B7F24A4A8968AB29AB69F026A7916542464065391C7E46BD19D4542BD6BE1E114281A778D2AA943819048DC06720024165CE70376BCE73C7C3A9E08D6D9E01DDC54D8A5B6498DF47294002FF002484B2E4FB9DDBFF006C6A65B59107D095D375747D2B4765E94A9B599EE15D52F0DC03149156A89511C4C986F3176320008032F21048C8D665D53257545FEAEEB5D46B2DB282B9284C1902250A5B6C0A07006D8DFF0048C0FB64667F5FD8A96DF577F9E7A964B98B8A3C71B47B565825591B2872492AC08248C70307271A7FAF8565CD6C9594CEE293A8A38AA1A1C8086AA206172AB938552CCA39E79CFC06BB92FB0F7853057DEBACAE3706A6DF6FAA132DC324BAED9B7304DD231724B85F766203139C1D565AFA2E6ADF1117A6A6A814F898ABD438031101BBCCDB9E729C85072720773AB6EBBB8AF46DB68FA3FA7EBCB4F4B3256DC6B695D90BD4E3223565C6E58F3C1F573EA041246AC3A8EFED5BE14515C69E08057D538B7D6D5940D3B6D43B8193018EE0AA48248C3E3DF3A1DA60B2812F113AA23BCD5D2D05A832586D718828A323048C0DD21F92C416EC339CED5248D6851DAA9FC43E93B6DF6A2E7F435941134159398B707D982492480B8525F201FD7ED8C8C8AA6D7141D3949736AE8A596AA778529A253BA2F2C02FE6138C121E32BB770219B254AE09F7819154D7CB7CB549E77F84D551B24CEB9F439F48C1E4062ACFDFBECFB6896D6823B94DD4F77AAEBCEA748A94AD350411B252C7236C8E9E08D32CE40EC022670012028519C0D0D49F53D3FD4AE29EA226ABB7D51093C38743246FC32E472B919E4723DB568B354F495DAE9415B434B57BD4D254C1522411C8AB2248082A51B05A346072323EC75F74E5A6E9D69D544AB79B5555334F5550D1E447B9B2F2B0180064F6E012401DF1A77DF613345F12E3A6EA8E96B5F585B63D8A5445528093B06781938CED7CAE7193B81EDACDA4ABA89A8E9E919C7D3C05D91000002DCB31C77270393CE001D80D6D7D3DD4BD2350C3A12DDF573D3EC9295252A9E5C83696621C104B13BBD41402791C60E86683A0074E57D6DCBAB6488D968544A8F137150D9F4823391CE3D27B923923509D23463FD2B434BD03606EA7BFC0E2E52A14A1A32C03E197B9F86209CFF957E49C6BEF0D7C46B9DE3AB9A82F93C7252D62308635895446FDF6F0324632393FD7401D5DD4372EB5EA01348923976F2A9696305CA827850072CC4F73DC9FB600190D3D0D724919686A217054E30C8EA7FB1074F92D7893CD41AF88BD387A6BA9A7A6890FD249FC6A73EDB09FD39FB1C8F9E01F7D0D448F2B0555662C40C28C924F603E4EB74BBD3C5E28787F475D6E11A5D203908CC06D7ED2464F3807B8ED9C2E71CEA9BA2BA7693A46D9577FEAE83CA9A07294E8E7711EDE903BB31E39F619E073A5CF8F11D09E95B25BFA42C7FF0078BAA215153FFF002D4EC01653EC00F763F3EC3E355B35AEB3AF2DB70BF5656AFD42231A4A289D4F94A0E30C3391BB040E39233DB0342BD757FB9F505D12AAE314B4F4EC9BE92165214444F0C33DF38FD5EF8FB6BEE83EA47E99BE2D4B2B49492AF975118C64AFB119F704023E718C8CE8E5756B715F4277855D4ADD35D4A60AA72B6FAD2239437F23FB37DBEFF6FC6BD140F9128957989FF57FCF58078B7D38692E46ED4AABF435AC08642B80E467231C6187AB23EFA3FF0006BAA45F2C86D55CF9AFA2014163CC91F607F6EC7F6F9D09DE46BB1A6E35F11C699A562330BFEA5EC7E46A411A2A806C8CE925703EDA591AFB4218C95EDF7D7DB48D3B8E75F11EFEFA761433AE634E9F7E3492A473DF4C479751B6BED61CE3F39D352D18660D17073EDC69114DB9447203F9F8D498D8A70707E0EB6A3C3620C533705C607F974FC742CDC9DC79F7E3523CE90280A401ED818D47A71555339592711C6AE818EF50D82C17D2AC46E393D87EE40C90D2B01E1451C7FABCB19F93AE3B53440832027E02EAAAAD648EAE58CCC1C46ECA194821803DC6D241FC8247C1234D2E011C7F4F7D3AA0B2D5EBE019D88C7F3A8B5574755CC6AABEC38CE99080E0907E74C562955E01001F7F7D2A18DCD5F50E3D521FBE3DB519E477EE58E7EFAE4A0953AFB61383F3A684CE2314904830583646E00838FB1D5E75553FD3D7D24A8A1639E962906D5C004A8C8FDBE39C0C6A90A9CF039D5DDDE9A69ECD6DAD2D2491B030B6630A030FC0C127D5C9249C0CEBD7A5F168CE3F27E9EA79B57E1D584AFBAF5F42016FD0E3F9B8D484EFC7E7BE988A37F270C080391A7941DA3FDF5E367A91A150D72D55174A4973A7A59ACD4D2CB42FB9989F31C0CEE0C554000A37071C1C9EF806BA454F1DC6A63A2691E956561134A46F6404E37638CE3BE8ABA41A9EA7A63A929A54852AE0856B60A96A757688238DD87E186E3B146338DC78C12423C5158A4BED2DC6299A7171A186A4E46361DBB36FC7640703819C0CE3279FA325A7AEF4FE7F2EFEAFC8D6598D947D091187ACADC566AA85249366EA490C7292C080AA70724920608C1EC7BE757773A7B4C16814B6E6124F475B3429247190B2C0492AECDC82738039071EDEFA12865314CB2C7B7723065CA8238ED90783DBB1D6B3470C751435CA128E9E96F76B4A9892165543530E32BC9508725891C81C81BBDEF8897BBD45A9F98FE9B1415AA33E88018ED9D43BC53EF83CC03D51F7FC6A5A77C0CEAD28E920A9A0AE32BB09628F7A803208F7C8FE83F7D74B4E0E72E546139A82E663FD6A29BA83C22B555C662172A19196445650F2A8CB6F23BED505C7BF38E7DB58B2F7C7CEB77F0F29686AEDB79B2DC6012CAF0B3D2B2C6F231719223C283856C1C923B0FB9D62172A7FA3AE9E9CE4989CA127DC8E33F83DC7E75E1D3F864E077B8DAD5D3D3D75D567E7FF0077E44BCF9914726792307F23447E16DD45A3ADE955D82C35A0D331C1382C46CC01EFB828CFB02742D46FBA37424FF9C7FBEB9333C6C92C4EC9246432B29C107D883ABAE87393A766FBE2B746D57534D6CB85A92233AA98EA374817D1DC1F5100ED3BB81C9DDF6D3FFE3D4915BAED6AB3D89E2A6B55B0DC2824AC2B3472C185DB3004614976DC594F2CEDC210C356F6AA95EAFF000FE6103A46F5D46C0119611BB29561ED90AD91F7C6B12B4D651F4A751F4DD7C324EEE21CDC9258959E0732CB1488B1E4619630080C41C9078046222AD5172C3B21503C3414925EAE229AE35951E6AD2C52C9E6B453ABC67CE9D09F5295693686C8665F5295C8251E14D1D65EED17EB1C91CA6D7530EF599B7F970D402361C838C9C024772221EC0EABBAA6C97893ACE0E8D8DD9E3A299A0A2A777C240B23991B24F1FCDEA73FE5EF8518B1EAAEAF97A61E8BA77A42A5E9E9AD6596A26C2B7D5541C6F7208FB05EC38001CED0C69E4958603DBECF5971BDC76B86075AD924F28C6EA54A91DC303DB1839CF6C1D17F53755B74C9A7E9EE90AFA88E0A0959AA6AB6AA7D44F9009DBC8DA30063B1C63D4006247E225CED168B3D25E7A6A8C53DD2F91B3AD6A37AD14E1A46FD4C1243BC2FA318F57391938EFD0549B67F88140290CDE42BB301BDF6EE214776DA36EEC676EF4CE372E5AF8B713C6C6A7D7769AAEB0A2B3754592DD3CE6BA1F2EB22A788B18E54E0B1F7C704671801067B81A4F515CCF40F4BB74B5B5A1377AD1E6DCAA2239D8A461507BE76938CFE90C48E5B226F80BD4350D4972E9E8DA24A8747A9A39245CA89301486C7247E838FB37CEB3682824AEBF494B74ABFA3AA95E4124D579E26C310B2138DBB9F0A59B85DC49E01D24BBF41DF5442B5D7CF6CB953D7D23EC9E0916456F820FF00D7F5D6E3E314ADD47D1363BE5AE5792D818BCB1E7382E0052D82402A4321E782D8D635D57FE0CB799E1E98FA96B5C5FC38E7A96FE2546093BD860019CE000070064673AD9FC12B4D557F44DD6DD77814DA2B1C985CAB6E62542BB2961821594608ECCADF1A258698E3D8CC3A769AC73C351FE395D3D1B46E8E8628CB996301F7A2F181213E5E0B6147AB27DB55D7DAC6BCDFAE15E6308D575325414073B37B16233F6CF7D2EFD6E9ED176ABB7D52ED9E9E468DB8201C762320704720FC1075A0F86DD2B4505BE5EA6EA82B05A69BD6A93290263C6091EE99230A33B9BF182DB4B215D02EF03BA7AE166B5D655DC249129EB8A490D3BF1B5403EBC6782D91ED9C28FDAAFC6466A4EAEB2D6DDE096B2C0131E42B61778CEECFDF9538C8C8046472467BD7FD7F72EA6B9BB53CD51476E4CAC54E921191FE67C1C163FD0761EE4EA7D30F17893E1635054B2FF89530F2C39FE59507A1B247623838F6246B3AADFA8ED6C80EF15EE364923A3B6DBA257ABA258E38EA21937C5F4FB09540771C91B80C9193B739E70339EFF8D76A21929A79209D1926898A3A3705581C1047CF1A4679EFAB8AE5544BC9AA7445E682FF00D2F3F4DDFC80D4F196866320DCD1E7240DDFCC8390077000C7A741347555DD15D5C2443FF88A497CB9554F122FB8FC11AACB64F554D5B1D4504CF05447CACB1B152BC10791F638FDF1AD5FC3FE848E68C5EFA8188A5E661E79F539EFBD89F6F7FDF49AA1EE6C10C82AA929EAE1182E82400F1C11D8EA6A112461C7BFF6D02DB3C4BE9FAFBFC569A496425D8A24A5084623D81FBF38D1AA1F226FFF00A6FF00D8E85918E11A4E3520A8C1D32460E906C231AEE35DD7DA56162718D248D39AE11A760791D3D828C91F1EDA91148548575DC3DFDF1A90B451E32F2123E174EA45073E82DF93C6BD67804C6D8C329253FD345BE1C4AD0755D2BC4ECAD22C91F1218CE190AF042B723208E08C81F9D50512A19E21242AD1961B903ECDC33C8CFB7E7461718E9EC979B535A2BD6486245AAA69129A3578D99F779723F1B881EEC38E3D201D4CF465ABA728C7E5E65E96A286A45B00FAAA9E3A7EA4BAC74F0C70C22AE5D91459D88379C2AF0BC0EDD87E06AAC8E49C67F23457D429FE2378ACA9DF24A6695A57774084B31C9E012319271F6C6A9AA225A66DA63C91EE4E73A6A2E2B965BA14DFC4DA2BC063D87B7C694F4F23C446DE01C9CEA6C6E194ED017F1A75D8089891C81DF3A64A63D5BD3B491748D0DD56A156AA59CC4F119431230DC84DA08C600CEE3DC76D522D3A6D53C938ED8D5C8BD52CDD3D2DAE6A4FE3ACBE743523923D8A638DA31939E73C0C7B8AA873B0E4631A43470469FE41ABAA31354D8AAA01F4C90D337D433B362463C28000C9239F8C0CF247BD49CE4F2756967987D35652186A26352AAAB1C2390F9F4B1F9E78C639CFF5F470D5CCE2DEE9FEC61C42F83992D9AFDFF82A4F03F3F3AF81D7188C8CFB73A4B3608F73AF39E82F3A4A292A2E92C10D5FD297A69496640E8E150B957048CAFA32786EC3D2DD8D9DF22AAAAE8DA00D6EAAFF00E9323C53557D380855C82A19B8603F46DDC39DE707D88AD1544D4F548F03346E38DC1B1C11820FD882463E0EB45F102BA1927BCD0584D44B46D0433C8D154FD54414088B6E2188455D98039C153EADA55473B88E68EBC5A5E3E587F66691FD2CCC89C67FB8D68560EA34A4E9DE9F944ACD70B7573A43122BAFFE1DC6E93D5FA72490381B86E0411CEB3A2809E793F9D1FF0085CE6E22E3D3B9A557AC8DA5A53528597CF54750073E9621CE1CE402A3D24E08DF8C8C7DDF34B659F47F66469DDD221F54D1D3D0750D5C14514B152021E1476562A8C03000AB30206700863DB9E7234DD9AA1A0B84250B618EC60013B94F0460727F6E7537ABD1E49286A9ADD4D6F86687CB58E111A33321DAE5D10E15B7641F4A0380768E7548873FFCEBD1C1EA3518CFAAF423560A69C5F52DED7527A7FAF68D9F31C5154004C832766EC8240F9007F5D0678BB494F1F56D4565B896A1AB6668D88DA3838DA1700801767B7FC85FF52C481686AA9A591DA68F739924DEE2453C93F6ED8CF3C6A1F5B40B5DD3A2AD170622B30CAE5B69E08FB7704FFE9D471ABDCF109AD9FE23B7EC98AE33D9FAB16FE2867F9F2A7E66794AFE5C8A7D81C1FC1D4B9931B94FE355CA7D58CF7E3562ADBE28DFDF183F91A4CE79AF78017CC53D5DAA793981C4B186933FC37E1805F60AC01FCBEA3F59743245D7D5571AF8648FA60B0AAAC9E2C8D9C12E9BB07D4C5588E0FEAE0718D017425D4D8FAC686A19F653CCDE44C4B055D8DC6493EC0E1BFF006EB66F1AA9EA2BBA0054D3C842C332354AEE3EB4E57040EFEA646C1F8CFB6A1E25668B312B3AEBA8E8E5E999AED67B5CD05C209CDBA479E95609A85F69DE1769621573B47A9705BB6460E45659ADB6F4B89BCDBDEAA67A468E92260C812475F44BB838C6D0430055C376C0C87535E9A8CCFD45D51D275D586ADEE88EDE7488D191571832664328490153E66E1B72CEA06D231A08A1B5D7DF2FF15B6969C8AD9A4F25627254478E30C58E54281C963C01C9D52C10F217D9E2A8EA5F0AAE34F2C3B9FA79D67A69422262290C8CE85B19C7A656C6724AA8F603405575753591D1D3CEFBA3A488C100DA06C4323C84640E7D5239C9C9E7E001AD7ADFD5167E80BB52F4E50D3D2D62AB04B85C627218CA5B04E4AE4AA0FE5E31DB0ADBB2DD4F4C50786B7992FD73A85A88A2918DB28E36659CCA0E543923002FBB027D8F7C294A543AB43BD32F6EF0AADB0D5750254375057A1028A36C3C10E73EA5E0024AAE7393950001B5F43FE305BA05B9505F682331D15EE9D6AD1480A43E016F48ED90CAC49EE59B9D00DEEE95379BAD4DC2B5F754543EF623B0F6007D80C01F6035B178550DAFADBA125E9ABD49279B6FAA13C2239163611B6705473BB04C8189040DEBEF8C1B6413BC01FE18F4847D477092A6E2FE4DA29079953316DA001CEDCFB138393D8004FC6AF3ABFC5CAE3715A4E8E74A0B453A79116205CCA070080C0EC5C0C28E0E393C9C08DE2675553D3D0A747F4E164B5D09F2AA25C60CD229E40FB06C927F98FD80240AE562B9D05B692E1594AD1D2D500D131619C11952CA0E503004AEE037004AE4027455E583C6C7A26EDD3BD31D5D6FA5EAFAC9A4A789A99669DA265DAEAA3243800E58636F073C639C0C643E22F5A4BD535694D4A869ACB4A714D4C38CE0603B7FC58EC3B00703DC92AF042E94F79B0DDBA36E6D88EA636929D800586461C0DC719076B280BDF713ACE2BE8AA2C17F929ABE9E2926A39F0F14A1BCB9369F7EC4A37CF1907234921B7688D556D9E9ED5455F28021AB79122539DC447B72DFFA72C4039EEADF1A2AF07FAB3FEEB753AA543016FAEDB0CF9C0DA73E97C9F824E79EC4FC0D31D63D5AD758D682820B753DB169E14F2A0A2442AF80EFB5882E079ACF819EC79CE4935FD27D275FD4D5C29A823383FAA423D283FCC74DE5649D9E0D0FC79E9A1457382FD4883E9AB4F97363B0940E0F7FE651EC3BA927BEB2FA785E66C28E063275EB1ACE9DA6B8F488E9FB8CB24D1B53AC2D296F592A061F3F3900E826D3D1B67E834A8BC750554324101FFC32ED3DFE707F539FEDFE894B05B455F4174252D9E88DF3AA5A18E963512A452761EFB9FEFF0003423E2075F56F5757A5AECE92456C2E238E251EB9D89C0247FA2FFD0A9F10BAEABFABABBD5BA0B6467F834CA78FFD4DF2DFE9EDEF90F56218107047F6D3484DF6093A9BA76E5D2770A6154CBE610248E58B25430EEA0FB907DF5E89F0EFA862EA7E9B8656606A5176CABEE1B4192432F883E1BD3493B27F892E36B9987AE551B7278182C49E3B648C7B6017A02F359D17D62692BD5A28E47114F193FA5BD8F1A8BEA33D2F4CE4A947FD6BC1FBFDF4E328CF7C7EDA8E1D648E3AA84865233C7B8D490436181C83DB5431B65DA3B6B98CF6D3DAFB007B69050C918FC693A788C690468A2763CBA028182B8075D0428E7006ADDACF5D72BDD5C50C60BACFE536C45880666C280876E327DB03EE06AE3A4EC11D674CDF6B1E282578617314BC36CDABB9C81B80ED8009EDC9192003EE7A528FEA473FDE46E9024B2018DA327E3E74530563D05FEDD56BF54B0D3059243510F90403EAE3D4DFA93B1C8DDAADACB2C5074F525D62A891DA693CA28523C29F56EECE5B8C2FEA55FD43ED931EA8AC92B3A77A7D2130CC23A355588F277068549C14192594A772A42E060839DF878C9A7E7E467AD2E4946FBFEE0F5F197A8BAADD6CF22A5232A2C6C51879718403D400C9C01CE013EC377BC3A7556B55C29A3956A0C26431C913E04A382480CCA4A909BBF4E7D207738D4DB6DD62A0EAB92E2D10A0430CC2158555955FCB60A14AAED6F560671DF3BBDCEAEFA2EE3486D9D5D40272940D4F3CD48270AA431465073ECFB0E303DB3ED9D672CAE67FA9F42E526B51C56DD1998C9163054E3DF5F02186D3F83A9257008D333464723BEB228B2E97B653D6FF008A34D47254F95472BA18F77F0DF690AC40F6C907F6F7EC47C3A8DDA21E8CEA1A7E9FB85C25ACA45AB5969DA210B1C062597DF078C03DF8D0EAB132F6C6476D2634F27C58E3807EDF6D5CF493A2DEA049937A4C7CADA1F6724F0436320E71DBF1D89D546339C69CA70A654DE8D22EE195438247C03CFF00A1D69A337A7A8A6BA333D6873C1C3BA1573A434B5F514EF906372BCF3D8FDC0FF41F8D45000EC31AB4BFD0D4515704A9A56A4728A446C46703D39E00EE549FEFF7D42A5A796AAA6382050D2C8C1557701B8938039F93A7383F78E315D45A734F4D49BE84739C8E75A57412C30F50D8EBAB1E864A59D16D8C91192232348AC0EF06361232A3283B78CBC5920EE6D670E8CAC558608382346F6B782B3C38AA33D55734F6BAA8E58E12F134080BE03796C3731FE249C03B7E71EFCEE3E1705178B75E783D1A72C81B788453DDEB61514A04733A814B233C3C311FC3662495F824E48C674F586E95566BB415B433793326577F96B2603020FA5810782473A93D5742945718C415F4970826A78A549A99123EE832AE89C23820823BE464F27550A4A48A41C107235E8825A9A4AF3684DD30FEA9A8A2E8FB85A56A692696DD71069AA6356635519DEA581DC5541010E0003D2B924E3435190071A3AB854C959FE115D79A7BAC705C2DF242957437215324C507A98A12781BD83C64A8C3606DDAC0823A3452491CAAC92292ACAC30548F6235E7E0E569A7BEFE8F6F14CA9E324DA8692AAC1253AA93F4F279E30492463046DCE0003731239E3E39173E1F5961EA7B65DAD4ECCB5494EE60559426F048CAF23DC33F39006093C03A1EB1D4982B7CAC92952AD0C8B93970DC6D185639271D867EE353FA0EE0F63EAEA677765D92147F2F0DD8F24608F6DD8C1F7FDF5D0E360B5342337D3D3FA7F636F626BCF438C969C7FCD63C6FA7FF00495FCCC82A607A6A99609805962728E320E0838232352290EE574FFDC3FDF443E2A5B29ADBD5F5BFE1F279B432B93149C1C80C57965F4B31DA1891C65B42D4AFB1D58F6079FC1D78E32E68A66FC4697B9D5969F61FA95CC791EDAF4C742D747D57D0A91D69693EAE99A29F24296600A49FA7B6792318E31AF363AFEA53AD3FC01BC9A7ADAFB5BEE2062AD30A31EC8F93DF90531F83A52568883CD149E1ED864A6EBB1517368D68EC555E6D4CACBBA12D0B64212D81B58A8073C85C9C1C6096F5C4F6EE8A35376E9F6135D6F6658C4F1CEB3411AFA4C8F195CE5B71FF00311EAF804191E3BDDEE3455966A30127B4BEE7FA7918B47390C0946518217D40F0472D9E0A83A0EA5892E7D09250DCA927171E9AAB2F253AB2C733533B7F1502E3706560C59D95F680A0E3B14B3960F1805A0E9FA86E92ABEA299847430D5C7411051B9A59D94B91DC6D508AC4B73C95001CB1536EB39DBAA3C33E9FBC2CC65A8B616A3AD45473B49C057666639242C649EC5A4C718C683BAE6E31DE3AAEB25A368E6A6465A4A59238BCBF36189445131400004A226405519ECA3B6B5CE8AE90A1B374BD759BA8ABA9A9AE9788D4C9493CD16F8B3958B6464E4B8639E338200C02A754F19263D8CC2AEF76683C3EA5B2D05087B9553AD457D43F983CB9239261195F59563E5C98FD2A002D9DEC418EF3C07B757CFD6B056D3C73FD153ABFD4C8A70A0323050C7DF2DB70BC9E09FE5240D74EF495C2F5D506CE22F2E586529547208842B61C923238FB6727B67465D7BD710D9A963E97E84965A3B7D1B7F12B229089657079DAE307B81B986371181840011E7009565959E31F4F3D93AC6AA6446FA4B813551360E3731F5AE70064364E0670197E7555D6DD5497D69128693E929EA27FACA9DCDBDE5A820FBFB471866445F65C9EEC74611C8DD6DE115434D33D4DEEC52B4ED24CFBE5789B2C72EDEDB49E0127F84A3E3549E18F459BFDC1AAABDBC9B6530124F26E0B81C9C027DF8393ED8F9ECAD751B5D8BAF047A2EE735EA93A81C353D0D3BB61892A653B482AB8EE39E7DB8C727205F7FDA0BA6763D3F50D3458CE29EAC2AFBFF239C0F8F4924FB201A17F143C435B841FE01D31FF0086B1D3811168C6DF380F61F09FEBDCEAFF00C05BA525E6D572E94BC471D440E3CF8E2948219720328FB821586391C9E31A59591AAD800E8CE94ADEA7BBC54D4E8445C19242B908B9FD47FE59FF005D6BFD49D4969F0C6CA2C96258EA2F2CB962DCF9648FD727DFE17E3E06330FADFAA2DBE1DC15563E92842DD676F32695CEFF00A7DC323BE72D82300F1CE4E4939C2279E49A69259647925918B3BB92CCCC4E4924F2493A6ADEE1FA42EE97EB7BA50F58D25CEE15F5354BE615944B2161B18FAB03DBE703E35AB78FD6B9AE5D3B6EBCD2BEFA5A5622550780B26D0AFDFE401EFF00A87C6B02BC5B6B2CD74A9B7DCA1682AE99CA491B7B11F1F20F70470410471AF407827D454FD4BD2B3F4D5DB6C92411187612079B01181D8E78E4123FE1F73A4F0ED027783CFAFEDF6D231CE8BEE1D22B6BEBC361BC562D1D379B8FAB61853191956E7039181DF00E79E34C7881D32BD35D4AD6FA473341220960CB6E60A495C37039CAB7ED8D3BE82A17E1F75449D2D795A8632B504A36D4C31004B8C1DA403C641E7DBDC6793AB2AAB65475AF544F3DAE9648D2A181505003C000BB63804904FEFA95E1EF87B5D7CAA57953CBA70413230E07E3E4EB5BBD5DFA7FC33B388615596B9C7A615C6F73F27E0693ABC0D05F62A136EB351D1CAE59A28950B139C90352A3FE149E59FD2795FF0096BCC15BE25F51545EE2AE7AC68E28E40DE447C26DCFE9FBFEFAF48D8AE50DFACB4F5D4E7891437DD4E96D81D96846B98D7623BE327B30EE35DD20B1246924674E6B84684C679F68DEF307505CBFC0FCE49A093CC97C98B95DAD8C11B178C9C10540F91C6756BD0F53534D6EBEC222F30552491CAD1856F2D4452EE6C0604004AFAB04004F232016BA22AAAAD3D475722C717D508C81188D9244C824B47B90E180E30C304B0E0EAB846B3DCEE7143586DE6479B6D22B6C191D95CC8C8AAA72C32493C6369CEBDAF5E5A9AD287F8F43C5A9A118414FFC9B77F42F28507FF85956CD4751E976992672AF113BE34200FE56C371D8F0792091A18ADA7B84296FB8542A90C1426FA5288BB461410C811B20678CE73CF73ABFB0D688BC3CBDD1F968D24CC18379A99003213E9DDBFE790B8F93F08BCC513746DBEAE37595CC91A39961DAEADB64E0B797965C05C7F13DBB1E0269C5EB4A1EED2EA5696929A937D10CD558AF34B78A5FF14A044FAB84BC6542431ECDB96DBB0AAA9033907E7241CF316248D2FD5EB70A881E3326F96495D6524EF0495721F27B8CE18E0F627441D490CF6EEA1E9AAE96B1DE09A9E37855C6DFA58CB1222DDB9776DDE792CA718E5783A1BACB828BD547D4D227912A081E181D5D954205509248242A46076E401818F6E7E86ACF526A527BAF53D1C44230D3718F47E80F30E5B3DF57F73A2B6FFDD8B7D5D1BC62B4BECA942CDBB27710403C1185192BD8919EFAA69D19667578CC6CAC414208DA7DC73CF1A9F535AD35AA3A635952C8A14F904111861B8671BB046DC738073918F73EDA3C0994F66B625CBA9296865C0FAA95615266F28066E012DB1F1CE3F94FF7D49EA1B6C16A91E88461AA29AB268E49D5D9B29B53CB52081B5810F905548390402303B6CA936EBED056E4AB53CC9302BDC6D6078FBF1AD23ADCD2DCFC42BA473CD1575AA7ABA1A8A892297CE11C213C92FB9304E04A18639FD39D65AB3E48F37635D14A4DAF003AE9D314B4FE1D5AEFF4CB5324F53506199CCABE5C646FF484DBBB27683BB3819C77D080EE0F7C1F71AD6EEF4D14169EA9E97B42D445153D53BA7D44B202AB1279AC87D254A9F2A6280B64E327919D66D6A8209A7952A4E0ECDD1E64545C82090C491C150C38E7246B1F66CE5AEDC5BDDE2FB3CA23896B4A3CCD6C87FA8EA1ABA1A3A934C6252ACA245A610C6403E90B82410391FB7EC1769A146B3B5CA29EA219E9AA1525923942948DB804003702493CF3FA5B8F96AAE48A6B0C31454E7CF81B334C94E36B0071932649E3720C0001DC339C2EBEB0247514B728DE678BCAA76A9C89B60729D860820F241F9C0C023273DD8D3D7B7D55FD68E5CAD6834B093FB5E7EC41BD530A5B8BA2B160555C86904854B28241600038248FC63191CEAEBC3B89AAEEF576F5AA9A9FEBA924A6263A3153BB76382B9057B677AE4820646DDDAA8BED6D457B52CF54B26F102A0CC5B17009236F3C8C107D873803006ABA92AE4A69C3A34C808647F29CA33211865CE0F7524763C1EC7B6B9FC769FBCE750C5EC7BB866D423CDBA0F2F74F51D4BD19D2F5B1CCB55718E596DB34B3CF87E4EF850B3E06002FEE71B873CAA8049A0929EA24827DAB2C6E6370AE180607070C382323B8D1ADE7A5EA2CE2EF66ABEA184D7DA8255C56F453891DE3124A32C76AB24481B72EEDDE95CE4851646CF1F527555DFF00C668852C95B675BBD2B5331AA9942C6AD9010AAB3C80392240092473920B7234F895A2AEEE397E3977F554FEC7AA51BF98EFF8454748D9E75B8C94DFE2169BAC5534E8D04AE9519E3D2E70A1098DBF4F2DE5306FD298EF51D852BAEDD4F552546EAD11FF0088D32AB2A255A39123CC84F75D9BD847FA87032C54E5374A6B75EEEB63BD5CE68A0A5BED18A77A86696314D53004563B9D58C8BB42A6E25B24B65BD3BB4ED3D057DFAD3D3B72FF0019B9CB3DCEA1ED1532D44A2650FB83C31905F3E59CE483DB696C1E33942734FDE379EB8C7CBAF58BF329A4F06626A64A7AB8A68895911C32B7C1078D5B5ED9E1B9D3D5F7F3628EA11595930BD8039F6F4F75E304631D85ED4F4DD14315A20BD42D43325D85056CDEB88346E03093CC7CC6005208385CAF3823D42B2FB6DACA28EAADC169E7A7B454C914F514EC4FF118856DC0E0F0502642EDC8EE7827B5C3713A7C4425A4BE7E587F6CF91E39A9696AC35562B1FC7DD137C6AA34BB749D8AFF004C99F2E25A7A82ACDB414023DC49014B32884E149C724F7D62CA79C7CEBD0BD314C7A93C35BEDA245577A74F3E3768E32B1630AEE49218E10AE00CFA80EC719F3DCB1B4723A3AB2BA1C15618208EE08D7874AE3717D0FA4F6928CE51D686D25E89FD934BE85846DBE246FB60EA774C5CC58FAAEDD717DA228E51E612A5B08C36B9007BED271F7D56523643AFCFA87FBEB9523727DC6B539BB1E8EF162D26F7E1DD448AAC67B79F3C0DC141080EECE7D821638E0E40FDF2CF07E2ABB9F58552CD14D5747534B3ADC5D86ECC6C3BB31048CC9B067209CE33CEB55F07EF097AE90A68A5DAEE919A59576923720E339EF94DA4F7193A07EA3BD517876D358FA4E4A88EBC3C734D3CD1C738DDC6118300BD9988254E01039DC5866B183492BC89A5E9DA4F0CEA5AF97BAB82BEA50836D8A999D1DA4CE771C8F49000C9F501BB824E01CFAB2F775BAF50CB7E3935703AD4968E3CA4015942707202862839CE4919C93C93F5F0AEEA3B5F4BDE55E5AC96AE0FA4748E219150AE411B509019C93B570090A0818200A3BC4A2C14972E9A11DB6B95E58E635D149296460A08000709B9417539562A5A400F39D52339781A9F8A3D5D353F485A2B2D31C424BC536D7AC89B79A74C2B342180E1B73B03CF055F8CF2319B4586BEED455F59491A9A4A15DD5133B80B1E51D941FF00D5E5B28F62C557BB0CE85D134155D57E175F2D320791EDD22D4DBF2CCE7790E4C68B900038618F99B38CEB36175AE4B335A56A196DED37D4342140DCF8C024E327007009C0C920024E9C71840C30F06FAA5FA73AA9229A402DD5F882A03B10AA73E87C671904E327380CDF39D1478F3D51715BCCF628A392968DC2CF3C98C1AC2C07A89FE6518DBF9539EC3035E18740B752CF256DD09A7B353F32C85B69738CED1F1C6093EC3EF8D1F78DF456DEA0E9E4BE59EB28AB2A2DACB1D43D34C927F09FB6E2B9248623033C6E7D2C730D5D18ED8BA76A6F7455F534F3D3431D22F22666CCAFE5C9208D02A9CB1585F19C0E319C900A7A36FB3F4D752D05DA9D77B5349B99010BBD0821D3241C6E524671C675CAAEA1AD9BA660B14AB09A586613249B3F89C6FDA9BBFCA0CB2903E646FB61DE91E99AFEA4BA45474111666F5163FA55477627D80FF5C0193C6ABA649353F1C6CB0DC28ED9D63694CD35644895042E0F2B98DDB03DC7A4927D906817A52F16BB4DA6EAD596BB7565CC18DE90D6C0F323AE76BC780E029C306048FE560792B8F45597A369A97C3E1D2D7098CD14913C65D8025598960CB9E32A4823BE081AF2D5E2D5576CBBD4DB2AE322B2094C2CAA0FA8838F4E40241EE0FB820FBEA1651525D477A8EF551D4173FADA982920611A44B1D34423454450AA001F0001CE78007603461E0F59EF43AC6DB596E8CAC41FF8E5B207944739FF006FBE0EA4786DE1C565F2A166AA4D94EA416761E951EF8F96FF004D6A1D5BD6764F0F289AD563862A8BBECE631CAC671C190FCFBEDEFF008CE743CE1025D5923C66E8693AA2869ABAD88BFE254C7636703CC88FB138CFA4F23F2DF3A13F0F7C39AAAFA815F7CF3D218C8506A011248ABC0001E557FDB18FB4DF087C4EB85F3A926B4F50BC4649D4BD33A2EDE472531F8C91FF00A4F7CE93E3CF585D6DF5B1D86809A5A79611349321C3C80923683EC38E7DCFFAACEC563726F881E26D074DD3B59FA596296B10146917FF002E1FFF00E9BFE8FC6B0FA5AF8AB6FC2B7A89AAAB23762F36C6F5C9C70327B0CE3F6EDAAC23BF20EB806180E4EAAA896CD6BC4AE9EA1ABB050DDFA7E951699620418C15568703042919C825B3FDCE74AF027AB4D0D6B59ABA4C4327311278CFB8D27C23EA28EA63FF00BB35912AACA1BC8644E5B3B99C3927E3B607B1F73A11EB2B14DD2BD461A9CB795B84B048148E3BEDFC8CE0EB3AFF0011F89EAD71E548255C146E1B52303195C7DB425E1AF51C7D4DD371CB9CCB180920F83A2880ED26263C8EDF71A69DAB285B2E727DF4D104FB6A4692C383A4C7479C3A82E87FEF4D7D4DB56281643E809B1B60C01807919E3B838EF8CEA15B16DE18CF729E4EE488920F3379E0FA8EF4C0249E412783F6CC091464B4513AA9EDB9B77F7C0D39B83C1B3C98E371FF00DCDC73FDCE3FB6BDDC896C73A7AEE726DAC762EE86EF1D374E56DB9AA2A5FEA4E3C803F8431821FBF7E07B7FA6354EF2998869E692460A10337A8ED500019CF000000D72091A173810F23F9E356C7F507FB6BA84C6DB91CA91FCCB91FD35ACE4E749F43353621557D86476E3E353E89E7A10D5228524565C2C953089150E472011B49C71C82307E704449E4F3D9649E5791F1FA9CE4FF5E74D798A01203B107D8EB371BC31A9B4ED049D2F61A5BD5499EBEE76EA58B792F0B54C74EEE3B9DB91B57BF1C63E071A6AFCC6865AEB3C334555450C82581DAABCC58B8DC7614611B31076938278C0C1E00F991D4E3CB03ECD91A745C2B23A510473F970124B2C781BF38FD58E587A470720738EE73A251AAAA3257CCE4E57E18FFB215512AC849C73AD17A8696A54DA6AA7B8D45CE6B85B99AA44926C7DB104ABE5CF0ACC854E30482771077739A552931E491E93EFA72B26B94694325554546D92988A66694B7F04168CA8E785F4B2EDE38FB1D65A90728B48DF4B53964A4CD5E2F36FFD637D82E972BA0A9AFA4532D3C112D31902811856FF00CC5DB85472E85F82CAA189C682683A6266E9C83A9E06827B7534CB156C7E72B32B17EFB485C0C320C7AF2492481C6AFA8FAC16A7AE6DB7DB3D054D654C74C61F25A2334DE6220323A80738F530CB3BB00199BB81AAAADAA92A6C970A2A1B156C518966A8FA88A29FCBD85A370BE57985220114127D67023F8DDAE3F0BEFB879C5EDFA6F6AC61F6F0EFE46FACA1A9171F9FDCAEAAA09A27BED0C12BD35146AB33C4EAAC40C6E5E0E1802DB470380C0B70BCD7747D44D437EA66A79A189DC94067CF96491C07C10719C7FC8F6D5C5BAAA39BAB2295D60BA0789B728C46095563962E00CE1431F6C12391C6A802CF6EBD652168A7A6A8E23770C5195BF49618070463231AFAED76A338EA45E136BEF7EA7074139425A5359714FEB55F3E9D4B0B82B1E9510450C8C692A315130085158860A030E4F000CF61B47272A00D2EE8E40EA4AB039041C60E8F24829A4A6BD52348282DEB18AAA2846E6F36418425598E4A9208239C1EE7D3C8C4969F2FE98CB554C04E3770C5FCA1C7EADA0E3BF6EFC1CEB2E2F4DB69AED5E4E8D382D55524FBDF9AB0B68FA97FC5AF36B87A8E69A0B44D6D5A5AC314C666AA588C8EACF9DC558B803B65472368C62674DF51D2D98F45AB3D2D34D6AA97352E856633C72CB22C8C248D8850A8A005246E3206C151B8BF412C951E1CC5BA68241D3D748D92A299CC552B0BEEF4C4FE5FA417CB02D939C9238034AAEE9B6B4AF54D912963A5A41047718E5B9305711C4E502A6148676690A02A403C8070DCFC9CE10E67092EB5E979F092F2C1DB4DB49FE7E60AA9AB5AC760A1860A4A7A7ABB4DF8D4D38B80615AE9B1593745D914E14B608563B719209D4BEB4FAFB4C9D496EBFDB83D7CD57F5D4F58F22C2D179920DF2220277F98AAA08566D9B7EC4EAD7A4ED7402A2F5495568A6869EEB6F91ED5595C3779780C15BF9F0F875770BCA81B860634CDBE61D472F4E0AB14F50AF4A6D35524F12CD1A063298116345DF1B155387077704FA40F50E6BF52CD67D7BF74D7D6812E8475B8D7BD475199D96DD35E62A6B9527D34620926749008B6448CC43BC9EAC8CB71BB38275DEA5B7C95B1DBEAE86A267FFBC56D8E59E49085864A984112A6D1828032A107F4EEC800A9F4C9B45A6D54D534A2FC5EAEDD6DBBCF67AA8DAA140A78DB7797215DA081BFCC25C91FF978C7B6AB3AC6BE96DDD351F4CC0B71985357BCF4D3554C1A16A5963CC6DB081B5D95D5B057287246D2CC07AB829C74F5E2E1F5FF00D5AAF45E661C4C1EA6935E5F3DFF00729BA0EBE7A4B9C90412D3C4D54A2326A151900C8C83BC1007C9F8041E09D67DE245A24B3757D753CB8F5B79C183EEDF9CE581F82C188FB107456913DAAE5117625176C8AE23650F1B0EE03804F04F38FF009EAE7C7FA28AE5476CEA2A2A49218A455825256221A408A1CE63C6D50760C103990901738D7A35E0F4B5EDF5FCFE0EE70BACB8AF66F224BE077E35BAF1EB2F9518CC0FB2446F8383F83A992AE0907B6ABC0E47C11F3A9F19DF0AB7BE3074CE73342F02AF468AF9556C91FD338134219CE3CC4EE02FC953927E1347BE2259680F53D25CAAA0B7B455F492D189EE12AA4104817CC4620B26E77412C609650A591B2A546706B4DC24B35F286E316F260955CAAB6D2EB9F52E7DB2323F7D7A53AAEDC9D53D03594D4A56793CAF329DA32A779FD69863C60918CE7B1EFA8961D9A4731A323E95861BA74EF55F4D52551AB14ACD72B6CAB0AA991908462A87126F751100B93B41738EFA18E8CE95ABEA8BBC74B0068E983813D46C2C2353FEA719C0C8CFC8D685D0567A1E86A996BFAD6A20B7D5CA5A9E9B7C8D2040BCBB621DDBB38001E54647B95222F8AF7C86D2915A3A6E9A868A92BE95269EA28A348FEA232582A6540F4E0124FF0036EC76CEE77D88AC5B26D4788F6AE90AEA5B2F4A50D3D45A29D82D554B65DE5391BD9082A19B00FA8E54F65015575F567852937534F73359470F4D48CD55B91827951E37118C6D5519383C8000CEB34A1B034DD3F3DDEA6AE9E9A9FCC7A7A65771BA7951048EA17390A1481BB046F9235FE62CA7757759FA8FC125A6A79DCD559E68D2B630482F00DC23385182A329C1FF00F2998F38D26AB604EF72ABC43EBD5BA42B63E9B56A3E9EA61E5A85055AA31FCCDEE17DC03C9EEDC9C2BFE075CA117FACB15C581B7DE69DE9E44670819B69C0DD904120BA80392587BE3507C33E9DB65E9EA65AF8DEA66898451D2CB20820924901110F3036F76C863E5A804AA920B1023712733596FADF49591BCF4750447554CE4A332370E8D8071919071DB5587842B7B8569E1B5F7FEF79B33D2CC13CD70954D1158E58D707783C8C1057DF82C01E75A7DDEFF65F0AAD2F6AB3AC759D41222B4A48E10E3D25F1D863909F073C67267753F5E570F0AE8BA8ACB0E2A2A9D6191FCB2C298FA833739E3728504F1EA1DF5E7802AAE770544F36A6B2AA5C0192EF2C8C7FA9624FEE4E9257965616C5B51F54DCA0EAC83A82A6A25A9AE49C4CECEFCB8F75ED803191C0C01D86BD3357D1BD39D6325375128659AA624669E23B7CD4C71907B1C6067BE001EDAF2C752DA9AC7799EDED3AD4341B434A88551C950494C8CB2F3E96ECC30C383ADA3C06BDC77EE99BB745DC5DD51A09042CA003E4C990E071DC3313939CEEF81A25DD045F4649EBCF1429ADD486C5D11B16388796D589CAA81DC47F27FE3FE99CE758B4B23CB23492BB3C8E773331C924F724EA5DE6D95367BAD5DBAB93654D348637E080707861900904720FB82350FF001CEA92A1376721A89E86B69EB68DF654D3BAC88D8CE08391C6BD05D65490F891E19525F2DC99B8D24666089927818923FBF6C8E39207CEBCF847DB5A67805D502CDD432D92B1B6D1DC4E62CF65940EDFB8E3F2175325591C5F433365C1F7D708F6FF006D681E2EF4A8E9AEA8924A740B6EADCCD0000614FF003201F6278FB11A07869E49DC88C647BB1E00D3109A492582A22960244C8C190819C11DB47AD15E3AEAB69A04B7C4810B308A9D4AA29720B3B127DCF3DF575D03E17555CC45575FBA9A8D806DC47ADC7FC23D87DCFDB5A95CEEFD3FD056C14F4F1A2CB8F4C1172EE7E49FF73A86CA48EF879D291746D95E1927569666F32439C283F03454F8914491104AF208F7D79A7AC7AB6EDD47348D35449053FF00243136147E7E4FE75A07817D57256D1CB66B94A5EAA98FA198F2CBEDA5B0EFA1AD290E818763AE91A401E54B8FE47FEC74EE863B3CA0839E4E47DB4E91C92A8D8F9EFA464B71B8ED1F7D2CE0E319D740E388DD21E16250DF24E9A591FF00496503DCE35302EE3E847CFBFBEBBE52B8DA2301BBE49C7FBE9810172BCAC8723DC6BAC1723631C1F91A9BF4E47A41519FB03FDF5D8E98A70253CF7DB91A62A6430AA570AAFBFF00AFF6D28295DC0C40B7DF231A9DF4C8A7D393F7234EAC2BC0543B8FC1CFF6C6958D45955534F20898617B672083A2286BA0ABF0C64B44D2547D5D1D70AB8C7941A3D846DC6E246DE598E0039E3EE44278C794E85003F2720EA3C314F246520491D4738552719EFF008EC3FA7DB424E4E921E22ADBA0F6DED56E9D2373A7ADAF8EA124A7A71F519349081BA1CA27F31DA8B920800E47393B67F545A6D157D67D4568AE3490B49514CF155178E9A1A76683F8AFB72371DCC0EDF72BC9CF0C316A82CF51D1B591C7435B55D44AED2EF811D921A753192EF838031E60CE0E32738F490695B6CB45CBA82C27A728601475D4F3D17915512A47218BD61D24D8DB98EE501F96F400DC920FCE6B41426EED7EAE9D9A977F2EE7462ED2AF0FE0CCAD9435AB35B258AA67DB24CB042B1C8F1B2EE6208562B85E7392323D6323BE2BEE9128AD76DF24A64F59791B73B13CE49EC49EFC13DFB939D125731A5B65CA962912A5A0AD2219136C442A124CAB187C8623F9B69C28233EC2ABA94C125789692395222BB5C320545704E5540240C02848C920B1CF7D7D7CE1196829C7C1F9A381A5A925C438B5DD7967D4EFF8509EEB434B4CB10927853F86921F49281848DB948030D96033FA58023823E996DD0C5342A893C6954CA58491B31557C0C3020B2952D9C000900E7D83F056C0F67A08A13F4B57492EFF00A9126DDAACC43B000824FAA2EC33843CE0634FD35DA34176A6AB30C51DCC249398E432F96E092700AB06E58B6370C7037039C7A12D34AF19FE3F93072D6BEAEBD1FF000EFF00112A8FA72ECD7CABE96A4A6A695AA5239DD8F98B1C4547FE69E78C1675F56796E002401CA7AEACB9DDBA516959A2AA68E2B72492C91D5A050FB00F28AFA3F51F4367208C0008CD978637B343D656B4B6AAC6F56E299E4A951B240E10B20DB8DB89132B8E7D7CF2305D923368B1F52C7634B5C725AEEC48A975692B238848AB1F932EDC0FD049CB125779C00093F35C7B8C789928A54E9AFAE33F63B3C1F33D15CEF2B7FA1F7513D24B0D9AD43A8AB6AAF76EAC6B6A02161861843C88922B05FF00822272E786EE319D0C5C6D0FE4D61B75DA4AF4A5912A0EE1B036F8C3961EAFFCC0049B863384CFC8538A382A2BA87AA2CC2EC6B9EE742B76A348A9910D598CEE6DB1AF2B33346010A0EE0AC4F386126796D577BCF48CA9109ED75F6FFA5969D50C71D23C237C8487C060A9248A1810C012C1F7024F816B7BBDBA797FE5D9789EB6AF7FCE9FC025F52D78AEB9D5DC23ADAAAD9E863996A2684533C55282354916450544615D58B395521867908C6CAD125AAA2E535AEBA7A1A886F943138ADADAB59DE824190AEF2B2C60324648D83B90A3233AA6A69E9E5E9FB0BDCEF54153416DBB9A75B7A2ED731390F24A4ED0C50EC006558FAB1F0BAB8BBDC16D30D353CF5115BE5B1554AD456AD9BE69219D91C6642248C931BF058B636E30DBB3AD6516DF22FB74ADBFFCF82213EA085FE55AFB65B6BD5AA249153E9666657D8A515768DCDC6E3962707EE4024E6D0D14DD4BE1ED545357068A92130C14F2541E26665DA067800905CE38F41CE3209857AA3AAAEACB839A6A8A7865325743F571142539258051B54B6147036E7001000CA7A2AE72D13564113BAACE9B5C23B2164246F19523208001078C13EF823ABED1FF0097463C4553C3F4FECF5FFA5E6B4B89970776A56BD7F6B4BE66265B0790753689B7065F9F50FF007FFAFB6A7F5CDB92DDD535B1405CD349279B0B342210C8DCF0A09000395E0E3D3FB6A9E9A408E87FCA7DFE358465CC935D45ABA72D1D4969CB74E89752B943F61C6BD05E07DF3FC47A629E9E67DD2D36691B24761CC6703DB042E4FC1D606E30483DB463E0ADD1EDFD5B250967095B19002A8FFCC4CB2927B80177F6F723F2135685174C9BE205BAED55E235DADB146D51356D3814C09704C6BB640B1AAB6092D1B205208662700310447ADA882F7D036AB9D4C42B2AEC32AD1D4C524C332D3F1E5EEDA15C20F44602B678720AE7D3A278BB4B053B5A3AA5A93EA62A42D1D4451C7092C8EA42E5A58E45C2BE300A372E48C1E759A7847E656DC6E567923A892DB71A5686711CB8588E0EC94A904330F5A827B17CE7D8A8EC12DE81AEAABCC778BE5C2AA868A1B650544AAE9454C36C68146D5C81C16C649381CB3600CE35A57825D315A4DC6A6E5095B4D7D1B53189B2A650C473C738DBB867FE2D57F4C7407F825CE7B975A1A6A7B5D0B6E52EE1E3A82338C00738E01DA464E40C771AA5EB1F11EED79B9B9B555D5DB6D8AA628A186531B3A9F79369E49C0F4F207619E497BE112972E594176A7ADE97BE5D2DCB2149537D2B49E585678CFBAE72543AFC1E5588248620DAF417425CBAB2632C29E55046E11EA1C7A73EE07C90393FB7C8D6931F4ADBBC46A1B5F544D54B4751E488EBE358D76C8E87049C1054E01E493E9D9DB1AA5EB2F1123B4D10E9CE889045474F1F92F5E87D6EDEFE5918C7BFAFDC9F4E0004977841CB59347A34E8FF00F0A93A020B84524B2249098B991849CB336E20A875605B1EC40E0600D79EEDF5D70E8CEAB33A450FF88DBE49612B22EF40FB5A3271EF8C923DB201D56D8AE73D9AF34970A36DB3D3C8B22F700E0F638F623823E0EB55F1ABA6E6B9CD69EAAB452CAD0DDE9E233A91FA1CA2946639C0CA1038000D992727425581DDEC6677FEA1BA75035335D6A7CD14D188608D2358A38900E02A200A076EC3D87C6B41F06BA3EF47ABADB718834094D2079B8E554839523E48C8C7B7E78D5BF85DE153D720AFB8BEC837AE2468C82EA3073183EC7FCFFF002392AEB1F142D7D2F035A7A320A7A8A84C6F9C0CC287B1EC72ED8039CE071C9C11A1E70849565913FED0FD2DCD3751D247C6053D5ED1EFFC8E703F2A493FE41AC34F046B7AF0ABAAA5EBBA0BE583AA2659E599491E955C230C7A47D8F20E0E0FBF61AC5FA8AD15163BD56DB2B1713D348636F83EE187D88C11F63A71637DCAD53FF435D60EA526824649A260E8CA79561C8C691D8F6FDB522219C0FBE988F49D81ADDE2BF87D4DFE2236D544E049B0E0C732F7C7D8839C7C3695D3BE1CD93A595EE579A88673092C8D280914407638CF27EE7F6C6B27F073A8CF4CF592534AD8B75CF11B6E380927F29FEF8FDFEDAD0BC7A86B8B5BAA566736C6053CB078593BE4FC923FA63EFACFC0B59C8CF5A78A06557A3E9C0513B1AA65E4FF00E907FD4EB2DA9A996A66696791E5918FA9D8E49D304F0727BFCEBE3DF18E7B69EC26CE3152C78FB9CFBEBB4170A8B1DDE9AED4A48789BF8807F327BEB98E476CE3FA68BFA8FA3BFC36C705541279E36EF99C1F490C0636FD876C9EFA4DAD981BCF4E5D29FA82C90565330612203C7B1D59C277C7B5B875EFF7D79F3C18EA96B25E0D9EB64C52CE73093DB3F1AF4149E92B3276F7FB8D0BB30B3CA8A8CA3219319FB1D294328F4BE3F19CE34A4193E95CFB69D08738DA067B678FF5D7428E41C08A00C96CFC6DCE9C5036E0AB13F63AFA31CE0903EE38FF004D3BCBB0DCCCC3E7BE98CE6D645C3A7247B8234B4CA1FE4E47D8EBEDABC60123FA696919C9D88481C9E340D1F005394719E7B13AE10A30431C9FD471A9542B0BD5C46A370A70C3788C8DDB73CE377BF7D5A750456B6A9DF638AB21A70B96FAA74249F80AA38FDC9CFDB584B56B5169F2B77D7A2F99A28DC5BB28B036950ADB89F9CE7F6D14786770B3DBA6B825FDCA2085FCB03218B9C2E38233E92C0824039E7437C3B1690B17F638CFF7D2FA6E8D2AFA8E9A9A48609D64930527F336B719C7F0FD64FC01DCE35ECD1D57A52B479B5F496B4795865D0B592CB45D456EB688267AF7489567C8DA8E92AC8D1F7258650E1416214F071C5B539783A5FA43A92A23851D6BA2A4F36373BA484218B04C87CB4C08B07D89E495F7CE6BE9205EA1B8D2D0550A5A2F325449C97DA9086CFA97058FA47E93CE719EC75225A4A37B2CA686086768677559CB9124B18E77EC32020608EC871DC9E31AE3715C3AD5D796A5D733BDBC2BEE7BB425EEF4E305D113BA81E4BA756DC96D5707586E3892344662A41ED1B2C61BF4A9618E40C77C6872A696896C34B508CE2B5E678E45FE4200073CFF003723819E319C7192A99E3A0B9DADAD7494B590A3C8B0A4B4E03CFEB0A0193CB5566E06082C41CFAB903547353D31B2545545248D4E2A9969E09571B33B4EF243F27680A460E3E7DF5DBE0B4E2F868AEC9AF2AA393C4CE51E21E6B29F9DA20DA638A6B6DCE19291A4658BEA1274073114C9C1215BD24139CE01C0E47044CA68E8EAEBAC5014855AA21314A7BA9CB3202C03273C76CE4F1CB6ACABA54B65C692A29246A6AD783303ED4851882080E86340032EE19CB024AFA8E0E87D644164A29A1A491A38AA3CCAD61248824D8C0273FA41FE2E3D3C8CE78F7F6C20A0ABB7A34FF3C0F2CE6F51F36D7EA9AF45F5E9D47E1AF68A0B8C546B1086DF55F5D4F4F3966672195794C147509DC376EE0E3702CDD7A82E36E170A5B7DD5655B9C48B5A23A7851480A400A509DA36BB038D87960CBAED52ACB5F71598A4357342584B24E1658641959159BF86AC5BD618056241CFA8E7306F373A4B8DA2D70451CC2AE8E3292BC8CEC0AED455556666C8F496C008ABB8800F7D73F8DD28B9C5B8DEEBEF6BD0F6F03A8F964AFB3F3592D65170BB74BD9AAAA648A968E069AD6959146DE6C87CB0CB14AE4840982AAB92000CE482031D5656C3414B4E239E18DE712BC4AB01676645647F30B894A8CA3155DA1811B893901B4F5B2FEB47D235B6C21DAA7EB20ACA37191F4EEBB83BAB0230C46D1D8838F6201D332F513565C6AAB6E54504B3CE89B5109DAA5623160B3EE765284E70CAC4E1830201D73E1A734E492C27FDFAB3DF269A446EACB7545BAEA12A2010A4B1AC9010857747FA41C14439F491928A4E338E724C2DF63A37B7F4D3D352455325E29E78D22557F34D42BF96C5DCEF550AAECC0851818C8C857D04D75C8D5D0C14CD4B4F1887011E3DC0F6E78DDB7D47D44E324FBE38D723BC5725A5AD8950C9466432ED0006C942846EC6EC15660573839391AD67A3A938C52755BF97FD12A4958496CFA99EEF0DCC53D1CCAB026E52A2A37392F1EE9157D4C5A553EAE48DF1F7CA83516DF3ED577845641253CC8E04914CA50807FCC1876E41C11AAFFACA992248279E592043958DD89553B42E403FF0803F000D49A3929E269FCFA7F3D9A2648FF885551CF01C81CB60648191EADA4E402ADE9E5BD17A52F1FB93A1A92D0E263C4C7755F664AFFB4151524F70A1BD5B9A99A29911245822F216262B91188F240C61C920F7619E7591C7DB6FB9D7A17A868AE5D5DE163B0DF353DBFF00870C7153862B2392E4283839674DB95C9C37C60379D881CEB93A0DF2F2BDD7E7EE7D1FB5B4943556A41DA92FFAF354FEA5AC4DE6408DEE383A4C3512505C296B600BE6D3CAB2A06191B9482323F6D2685B25D3FCDEA1A5D426E8CFCEB7D99CE3D4F0C145D57D212D2CC19A92AE01226E03704700860083820E08EF838D67CB73B7F42356DAFA4AD75578AAA6635758AF96F2A0520B195D141202900E000324F1DB527C02BD2CB63342ECA1A8E53190011FC390960589E3F56FEDECA3F246FC48E899E5F11E58A8E48E969AE30BD519645F2E25651970CE4EDE58292CC540320C91DF59A54E99A3CAB442F1625ACBFD474D57524724B4F71A40B4F4F13F9999B790EAAA33EACB22FC9231DC63543D3D61B6C1FE253F584F5741F40F123DBC40A2A64590302CAB24B19057D0780FFA94952A0EAFBA2AEF575FD19534B0CCBF5FD392A5E6DFE6176DAA8D97041053602C481C65A5F719C07758F51D6F5675054DE6E8215AB9D63593C942AA7622A67049E4EDC9E7B93D871AB5D8C9F70DBC25B81BA59AF7D1D3CE62FAF89E5A33BB605942FA812A371042A12338C230C7A8E837A7ED695BD4515BAE227800327990A2E26764566F25011C48E57CB5041F530E0F6D1F7841D0976FF1AA0BCD624B474CBFC58B1C492F04018F656CF3C723E320EAB3C72E9FFF0008EAD6AC8A30B4B71533001400241C483BE49CE1892072FF006D179A2BA147E2451D3D25DA80C16E3699A6A189EA2DA5C3352B82C8AADC03B9A348E43B8673264F7D6B7FF671EA66ACB754F4ED532914AA65A75DA07F0D989707E7D4D9E79F57C63183DA6D557769648E8E30DB1433B31C2A8CE3FE80E7827D8EBD23E16F4045D1D50D7AABA9F254D2796CB2E14F243167F65FD23D3ED9E4F04952DA851DC01F12BC4DB85FA69ED76CF3682D0BBA2923236CB3FB1DFEEA3DB6FDCE73D86729C1D1FF008D7638ADDD54974A031BDBAF09F5513C64152FC79983924E4956CF6FE26076D0081DB4D0D96DD257A6E9CEA7B7DD80CA4120128DBB8F96786C0C8E40271CF7D6C5E3B5822B95AE87AA6DFB245DAB0D43C6415643FA1F39C11938E339DC3D86B19B7D92E373A2ADAAA3A4925A6A388C951281E9451DF27E79EDDF193D813ADAFC0CBD53F50749D6F4ADD59A4686368806739785F38C1CE72BC8E3000DBA4F0EC118418CE79078EFA7A18C8D5D750D8E6B2DEAB6DD55CCB4D218F38FD43B86C03C641071ED9D438A200727F1A6D850CCD019202132245F52B02410476D7A0FA0AE90788BE1D4B6DAF706BA24F26527F5071FA5F1FB67FAE80BA6FA329AEDD2CD590CC5EE0C5942970162C76E07249C63248186EC78CD2744DFA4E8AEB48AA66263B7D5379356A47E923B363EC7FDF50FBA29608372A29ADD5F3D1D52159A1628EA47B8FF0063A8C47B7DF1AD73C69E9F8D8C1D41468364A024E547BFF2B7FB7F4D64E118B1E09274EEC54201C0CF73ABCBAF51DC2E9450D248522A68C6DD90AEC53F9D46B4D96BEEF53E45B699EA24CE1987089FFA9BB0FC77FCEB53E9DF0F682DC16A2F4EB595239F2C0C46A7F1EFFBFF004D0E80CD3A6BA3EE37EB8D25453C4D0D344E1DAA186011F0BF3AF45BD72C14EA9BB3B576E75586A0BB0828A2CE380A83B6AC28EC324A4495CFF7F2D7FDF46E15479B9406237367F6CE9C455CFA81E0F033A7928C9A9481254667FE64CB007E3819D4A8E815AE094D1F9926EED840A4FCE3275D1A38F6434C0278073F3A790951C01CF7E06A753D1C26EE69FCB0173C24B285E40EC481F391EDA934B451CB71A98182C0AB92038242F238C9C119ED93A743E62A9495CED2413DF074EC70492233C713B227EA60A485FC9D5B5A08A69EAA37A8FA66FD2AD95009C9E0FEAE3F19FDF4DD0CD4D1534F1CECE243FA1959B03E41008C83C6950591E9291993EA648D9A9A320BED601B19C700FF00AE31AB9A9B6B8B7CB50AD088B68217CE577C1C8E40F71EF903F1AACA79A08E8E589E3FE23670E1132381819209C7E08EFEFA2A7EA159BA562B4BC131548C0590D5380ADBF76760C2118247209EC73C6348B52C5303A4A2922A68E693704762AA7CB6008F904800E997A6482F34B1CC8AE8E50BA3306041382085618F8C6E07EE33C4A9EA0C90AC4D1C402630C170DDB1DFB9FDF502E534B24B1C8EE58A8C2E7B2F39E07B0FB699392F2EB738A8BAE1AB658A258E9951044843AA6D842AAA960718C0C6E5CA9EE3208D7297A8E9A13769D20313572B2FD3227A555F21D436FC29C053B821E78DA00C11CB8D54F709E6AAAB99E7A898EE691C9249C607EDDBFA6983E9504823E7EDACA7A319BB916A7CAA91686E34D153C269A9EA23AC8DC49E619C2AE76053854452338539DC4F1F24935D35CFCA799A9A08A9CC99188CB1DA0A95651B8938209CE73A8734CCC708063E4EA210C58E4823F1AF4E937A71E58BA461A918EA3E692251BADC1569045573C5F465FE9CC6E51A3DF8DD823919C0E3F3F2750A69A69415925775DED2619891B9B1B9BF270327DF1A594E47271AB3EA1B05458C5BBEB0C4DF5D471D6C5B09242316037060083E93F23E09D3726F7628C231CA451104019F7D731F9D3ECA7033DB492BA9A2EC6704F7D7C01F819D3A46B98F8D143B1B2A4000707E40D7368274E63235F634C04A8FEA35263E5064F6D33EFA7613C919D084CD0BC30AA8A4FADB655C74ED0D52141255C80474C48FFCE00F05D407DBC8396E3BF385F5A5A1EC3D5174B6CB1242F04ECBE5249BC463B85DD93920100F27B773AD33A72A8D1DDA09008FBEDFE220719EE0153907240182083EFA8DFF0068FE9FA6B6754C3576A8E516D9218C21DAA554346245CBAF72773800FB27048EDCAD58FBBE21AE8FF3D1F99F4EA5FEEBD9D097F942D3FA52FD9C7C8CA207F2E4571D837F6FFAFF005D59B8C13F1AA78F861F71AB5A76F329D1BDC7A4EAD9CD4C23F0AEEBFE11D690C32384A7AD069DB3B88DC794200F7DC02E4F6DC7B77D6CDE2DD35654F48C57BB4544F4F75B6932ACF4C4ACC10829280CA415054EE38F65C635E719DE48268A782478E5460CAE8C43291C8208EC75EA8E8DB8D3752F4CAB3A452415906F688E1D41C61D0E473CE41E3D8EA25DCD2395460DE0F525CDFABA9EAEDF4CD2D3C19152E4908A8CA579C30C9C9040E790383D89ED2740F4DF48D64978BD5C91E8B2C228AA232A226272A148625D8283D864F7C71AEDEFAAE83A2EEF5367B0D3D353544692D4CDE7421A21218B746A8A59549248383E90070AE4EC233E22D4D5F56741D87A99D559E29A6A6AC10C2CA89292B8200F480542138C006450076D3CB270914BD7DE2157753799434A3E8ECAAE0A40A30D205FD26423EE33B47038EE403A2BF0FED54FE207411B055CDF495169A812C15091073B242C48209C9E77F62BD93BE39CCAD76F856A686A6FF1D7D359A72EC27861C99820F52C45B0A4E70A4E4EDCE707B122F0B7A8A0B075F435118682DB54CD4B22CAEAC522761B7748401E96084B00B9DA7B038D36B181279C9ABAC9D35E135BD5AA1C56DF5E2668608C6D2C338191C841EDB8E49C363DD758FF005B759DDBABEBDA6B8CECB4C0E61A48C91145804671EEDC9CB1E79F61801DF14ADD556DEBBBBAD5966F3E6353139070D1BFA9704F7033B78E32A47B68541E74D206FA1B4F46B1EB8F08EE3607264BAD99854520E4B328048000EE48DE98F6CA9D656BABCF0A3A8C74C75A51564CECB4921F267C1380ADC02790300E0F39E33EF8D5C78B3D38BD39D61502963096FACFFC5536D1E9556EE83000186C800765DBF3A4B0E83744CF08AFFF00E1F7D8ED951B3E8EB5C0E005632821A30580DCCA4AEDDA4EDF5927DF50FCC6F0EBC4A6929E5924A6A59447276DCF0B8070C01EE0107071C81C0EDA16A1A9A8A3A84A8A39A48274076C9139465C8C7047238275A3D7D8E82FFE1CD0DCADF053D2496E8196A4469E634CFCEE2E47A813B5586E1801FF0051EC13591A0D3C65B34774B550F52D0ED6555114E54F743FA5BBFB138FFDC3E358FA26063DF5ABF81B7C86F5D3757D2B757DCF0A344AA4F2D091E9C76EC0E38ED8FBEB3EBFDAA6B2DDEAADD3E0C90485093C061DC1FDC60FEFA1144CE8BBC4765BA07AA69BE9594A3A2395009F4EE20727009ED83F7D73AFA2B65CEE332DA58347220DCEA985F379E547C76FEFAAA8E0772060E58E11402598FB051DCEB40E9AF0EEBAB1126BA3B5BE98804A706671FE8BFEBF6D4D66C412783D706EA8F0F67B65E1371A56348C4FF300383F90303F6D438FC30A38EE2F257D734944A7D14F18D9BBFF0053773FB6345B6BA6B7F4FD08A1B440228B24E01259D8FB93DC9D58D35AEB2BC87A826088FB7F31D228834ED4F430A525B29D2345E1638971AB0A4B2D45510F5AC634FF00229E4EAF286DD4D46B8853D5EEC7B9D4CD3A0235251C34A81218C28F9D3FB74BD7C471A2C54795A4AF32D6473A2ED751EC71FBF1DBF6F7D2A5AC9E5A9150FB7CDC60B6339F6CF3EFAA61348DEE01C7071A589246E4939FB71AE9D9C52D65A99A498CAD231723058F7C6BE69431FE24809C7B9F6D55105B19FD5FD74F29C81F6D1432799A31EE4FDB1DF5F0A91B4E236CFB6ED44DBD89CE7B9E34AC73F6C73A63247D4B1036AA8FCF3A74D7D48DBB1C22818DA141CFDF9D4500FBE958C93CE7480E1790B3333B64F3FAB48D8BDF1839CE9CC6064EA3CB293C2F6F9D342B3B2481063B9D4490963C918D398EC71AE6DC8F7D5244B63247BEB854E31F3A776E73F1AF8AE78033EFA62B192B81C77D16F55548B974874DD448299AB2259A19E61511B4D200DFC30E80EF015460640F9CFAB42E471D8E349C7034A86A44765D271C63BE9F2BDB482BC7031A0068AF1A4ED234E91DC91CE9246801ADB9EDAFB1A5E31A4E3F3C69D0ECE11A5A7A483F075CC67B8D2803EFA62B25216470C8C4302083F07E7459E21D23DFFC348AA8C45BE983B0A8A891894645460A0E318F2F2AA996C12C7D2083AA4E977FFEB940310FF12410932D28A9550FE927CAC1DE46720609C818D1574CDAAA6AA0ADA3A47567A384CAE1373975CA9DB801B71DC40FF2F1927033AE6FB462EA3A91595F9FBA3E9BFD39384E5A9C36A3494975EE935FB37E48F36EDF577E06AC2DEF9664FF0038C8D72FD6F6B55DEB28996502290AAF9ABB5990F2AD8FBAE0FEFA8D4CFB2456FF0029FEDA586AD1E1941E9C9C25BA27CEBBA3603F6D6B7E015F4AD3D4DBA5725A9A412C60C80931BF0CAAA7B004124FCC9EDEF9548064E3B1E46AC7A0EEBFE05D65473B384A795BC898B3855D8FC6589EC01C37FEDD4BCA1A74CD33C5FE8792EFD7766343352D2B5D8FD299AA032C42651E8DCEA1BD4E30A063F97E33815F0D6192AAA6FDD17708D95AB637503C92C62A8872D93EA520001988E72635046391AF788D67FF00BC9E1E554491992AA997CD8711966DE9C80A0772572BFF00BBB6BCF5D034F739BABED2D668165AC8EA2374120FE1F0C387CF1B4F620F0738F7D28E50E586545C9EB0D518EE2F3B4F00106D9C9DD1841B4260F202818C7B631ABFE89E90AEEA6AD31D3C6C1046CEAD81EA207C9EDF9F9207BEB60EA1F0CACD51D5757789ABC7D0090CB24653623E0E5A42C4F0180C907DC939F6D57F54789B6CE9CA092D1D1714324C3CD46A841FC181F214327B48700E0FE9C04FD43203BBC2172F724F8E9D3333F495A2EEEC27ADB72253564C1466456000763C1C07EC00FF00EE13C6B07D6B7E15F5556751DEEE560EA7AD9EAA9EF704918776C989F0C4F9608DA83049031805463E359A5E2D93DA6ED576FAB03EA29657864DBD8B29C1238191C707F1A6BB0A5DC843B0E35B9553375E78310571C3DDAC2584AC4E599140DFC9C7F2ED73DFF4E3403E175B6D374BD5451DDE31334D4D22D3C616463BC2972C367B844703863B9970ADEC45E0EDCCF4BF5F545A6E32ABD354EFA4936BE62670786C9E0820100FBE47CE9308806A3EDCE8BBA23A8A1B543574573333DB67018C71C4AE77676B01B88DBBA32E85873C8F8D4BEADE9CA7B2575DACD1DBAA24AE5AA59696AFCC22314ACA48073C13D867E41E78E64F48787D5D76DB3246A69F209A994158B191FA47790E0FB6178C13A6E860EF48D4D55A3A9ED773A442EEB2885BB0DCADC1E71C63EDF38F7D7A37AD3A3E8BA8658AB1A6FA6AC5408D26DDD903ED9EFC9E755D61E99B474E224AC3EAEB547FE74A0610E3F917B28EFF007E7B9D12C34D5D713900C309FE771DFF000350CA451D92C766E9A52D47179B56C30D5331DD237EFEC381C0C0D5E41435D70219F30427F99BB9FC0D5CD05A29A9486DBE64DFE77E4FEDF1AB3038EDA4C657D05AA9A8C6634DD27BBB724EA7E34AC718D771A056236EBA071A5635D0B91A590B13AFB4E04C638CEBACB9FCE8D80F1AE31C8D2D392319FCE90873DF4F2E3201279D750E29D0BDB1DF4EC6BC7B63494E3034EC63D5C0D30B1D1DB9D742F38E35F28C1CFEFA581C8D033EC7B63FAE9470BCE703DF3EDAEB61412471EFA8B24A64C0EC3E34EAC1BA392CA5988FE5F8D378E39D2B6F1C6BA71F81AA33B118F8D7DB79D2F1F8D7319EC34009C773CF3AE103807B69CC1D7DA0064A0F9FCE9B0BF6E35236F18F6D236FAB9E33A0061948EFA491F3A7DC63B0CE9B2BCE34C131A2B9CE90541034F11F3AE1191A543B2391EFAE633C69E2BC63DF49DBC6073A006F1AF80C1C696073DB4E5353B5454C70C7B77CAC114BB05192703249000FB9200D301EA3A5926A7A89540F2A0019C9F82C147F7234766B2A6A2B2DB73A20E8F5B09A679240A3754AF3248F29E32C642C09219720602843AAFE9FB2D6D0F51D774FD591F50D1912C3049E6B93B72C220A7634A23690004FBB283B88D4BB353D7DD3A7A5A1A385A6A9B74CAC6DF044A9339DC4F9CDC1797683221180537A1C9191AC78887BC838FE787DCF7FB3B5DF0DAF0D57B5E7E5D7ED6665E345AE3A6EA38AB61FA755AB4CB88CAF2E006270A4A0187550171FA4E554F1ACF63C973EF9E33AF40F8CF2CFD4DD2B1D4CF737B857D322CBE5C717E98D77773B470A1A562727F9719E76F9F7B0C7B6B99C3CB9A15D8EE7B6341E9713CCD57367D1F45D73B16F4CDE65321F75F49D47AD4C8DDF1C6B949388F786058380401CF3AD0FC3CE95A4BB4115CAE7FC580B1F2E9C670D8247A8FE41E07C0E4E48D68DF2E4E6A57835FF000C6F06F5D37453CACCD25441890B2805A44CAB1C0E002431FDC76D51F54750F4F740CF2C515BE35AD996293E8E921102CA818AE4B81B57856E40625B190724821B795A410AD3A2247105088A30AA076000EC38EDA09F1EAC14D555563BBC92FD352BCAB49555011A4648D8EE5609D885FE21EE09240FC66B73496C53DDBA86BFC40F0FEF922C11D1CD6E9A3A8920A42C2392121BD38672C42ED672493CA0E338D64A237D8AFB4ED625558F00918C8C9E38C8FEA347BD0CADD27E243D9EE8229A09D9ADD52A51195D5F1B770931B06ED8581C328DCAC01CAEA9BA862A9E9B9EF7D332448F09AB8E51249FAF1187F2D86D381B92524820F71D88D69133792BEDF5159D39D4504FE4AAD75BAA8398A5195F3236E55803C8C8C119D693E37DBE9EB6A2D3D5B6B2D251DD605591F93B654518DC4120129B46D1EE8DF7D6534B04B513C70D344F2CCEC152345DCCCC4F0001DC9D6F9E1674EAF52787D75E9AEA049218A9AA565A79536E622727D2483CE77827DC371A6F7B059317B0B574376A69AD31992B616F3630221260AF3BB0411C77C9ED8CE8EFA7BA16F97DB80AE92ADEA2B84A1A4A9672CB13291CB4C7F530C630A1BB839D6AD64E86B4D890FD498E44560CB0440A2641C82E725A420938DC7003118D16D241575B1C71D142B052280AAC46D50BEC147E3F6D26C690BBA9B7CF0C295B4F0549871B4CB186C11EE33DB5D821AEB960C4BE5407B3BF191F61EFAB5A0B1D353B07941A89FF00CEE3807EC356C8BD87006A476565059A9A9983B0334DFE77E71F81EDAB5039C0D2827CE97A74342557E75DC6BB8D282FBE8A42B12071AE85C8D2C2F19234A0348690809C7279D2F1A895F72A3A05CD54EAA7D9472C7F6D0D5C3AB2690B25BA0D83FF00CC93BFF4D2B185B3CD153C65E7916351EEC71A1CB8F56D2C24A5123543FCF65D0AD47D4D63EFAC99E46CFB9E3FA69494CAA3B6A5B1981AE0679D3A872D9CE73DFEDA6D4119EDFBE9D5E319D7591C2163BE338F7D38B9DFC9D23B12064FEDA753D81D301C51F041FBE96700127819E4EBA0639F6D47A890B3103380742436E8E492172707D3AE0FBF1AF80C9D280FB8C6A886708E3DB5D033DB5D41C9E09D2F68C65477D021B618FF00F7D7303F6D3B8E0E07F4D7D8C1EDC69850D6DE33AE1FCE469D2B9E75F15E74806B1CE904720FEDA7CAFC0FDB4965E3B71A0068AFFF001A46DE38C6AEAB2C172A4B3D35D27A6614150E638E7041566C671C1E3DFBFC1F83AA9651DB4EC7F32395EC34923520AF39006905739F9D003047DB49239D3CC39F6D231A07634069432AC187B1CE958E75F6981A375C5D609EB7A53AAA9A76A9AF9231255D34E0B859A39379C727F86C5F0AA380171DF205C405FA6FC5A74A8A5AA6A1BBA343E47951ACB551CB9552C8C4042D228620ECC7F9541DBAA4B4A3F50784D70A431CB35558AA05440D1ABB6D85F3E62B6176803D4F92D9EFD80E5EBCDAAA26E8FB0753DBAD869129D1619EA6182286377572A24C072C4E40058A8C904F19006692787F2356FAA1A14749FE1D5D63BD4B1BB51CD51148A90298E4745D81448312E1B18E300707DC95F36DC68DA86E1534AEE92353C8F1978C9DAC549191919C647C6BD4FD454B50DD571D5DEE56686E6A92A913C658AA6233EA08AA09DA392A08E72BC7384F8BB6C928BA99A72CD2473AEC3282A519E3F410A41208DA10F73FABB9D72A509687132D3963F2CFACD4D4D3F687B2F478BD376D61E3E9DBC1798129CA7B71AD4BC1DB9E61ABB7BB7AA3612C60BE4ED3C1007B0040FDDB596AE00503B9EFA21E84B89B6F54513E5BCB99BC87031C86E0673EC1B69FDB5A4D5A38F174CF44C0F91F8D4BBEDB47527455C2D876995A32A9B9994061EA4248F60C07CF035574D270357964982556C63E9946DEFEFEDFF2FDF58266CD1E62BE5EE7BCB5B454C3045F41471D0C6220C0144CE18824FA8E4E71807BE339CEBD7BE8CAAF11ADD61EA5A4CC53CD4A61AE568E38D9E54C80EAABB57697DCBC91B542E01C63574DE1D594F53D45D66691DA599A7689CEE50C739C67E58E79CE3DB1AD16D90CCF4B1535AA9962A68D76A9C6D451FEFF00B679EFAD53BD8CA80EE98F0F6D365A6CD4C6232C30F12BEE775201C492633DC0384DAB950468DA8A19AA2110DAE9A3A7A5049042EC419249C0039E73DBDF56B47638636DF544D4CBFF0018C28FC0FF009E7572AB8181A61B1534564A7818493FFE2251FCCE381F81AB655CF6D3889EE74BC0D20DC408F8E7BE96AB8181A501A5AAE7B680118D771A5EDE74CD65453D0D3B545754454D028CB492B8503F73A0071464E9C0BE9CF61F7D665D49E2F59EDAACB67826B8C8323CCDA52207F2464FEC3F7D67575EBBBD751362AAABCAA73FFD883D09F83EE7F7D26D0D266E779EADB4DAC9469BEA6A07FF006A1F51FDCF61A13AAEB0B95CDCA530149093FC9CB1FDF4036B2AC1744546CA241ACDC8BA2E21A7DF97909673DD98E49D4A5880C6914AF94D48FC6AB71082A318C0D731838CE9C234861F1A4D60699E7A5C601E38D38BDB1A4A807073A740C9EDCF7D75CE10A00923DBEE34E800E7E749DB9E7DF4E28C91A005FF002038E3F1A8A403DF1A978F4107FBE98C71EE7279D34267CAB91FE9A5A8C0E75F28C81CF3DF4B00E988FB001D77BF6EDDF5D038E39D740E38D0212460F71FF3D731F1A702EBE0070740588C7BEBEDA73FF3D3981AE81F7C69858C95F7E75C2B9D3D8D7300E810772F9770F0811DA11F514752231280A094524ED3993279A91CAA7B283EC4676CBDF5A0787D1D4DD6DD72B2C752FB1A39658E990440CAFE5B73B9983800AA64206C8E08039D02480E4EA63BB2E7949918AE3482B9D3EC3E74923F7D51164729F1A6D970753A2A769393C01AEC902AF6D165A8F52B8EB846A43A64F039CE9294F2B90421C7DF8D0208FA02EF6FB5DC2B23BC8AF6A2ACA57A72B46EAAE59B039DC71B48DC0E7FCD9F6D226EA9BFD35865E979EA658AD91B947A392250C8C1F710491B810DCE33DF5534B6EA872658D0B084EE62A9BC01F7F603F3C6B9F4F186CC9B99B39CB69F2A6EC6A78A43B4F5B27D6C324F2B385C265C9381DB034AF17BA7E31D2349748A7A79B6B07CE1C3A76578CF1B73B981C673B5431DBB8037D5BD39252A4C217F325881675F2FCB0C17F5B2127D6A3E40CF0D9030375BB52CF74F0F6569EA4C76FF0030D3BAAAED770508601B186602462037232C578DC35CCF68C2A71D6EBF9FD9F57FE9DD6F79C3EAF03749E52FB7D9F29E5F1A5B7273F3A55553CB49532D3D426C9A2768DD49FD2C0E08FEBA4E3D033DFF00DB48E6C95619E83E92B9FF008A58E8EAD882D24637E0606E1C363ED90744B4AC4B2ED24303C11AC8BC23B90F2EAEDCEC032B099324E483C1FC0040FF00F56B5FB1A19EB224F7275E792A746D176AC37B35A21A8904F520C871FA58FA7FA68AD102800698B652F954CA3DF53BCBD6C951937621464E9C0B8D75534E84C634C06F1A505D29F6C49BE565441DD98E00D50D5755D04723C3400D5CE8769C1DA8083C82D8FF0040748372F8212751EB2E547427134A0C838F2D06E6FE83B7EFA14A8BBDC6AD4ACB2AC6A4F0B082831F7E493FF5C6A353A08D8FC1EFA5F21A5DCBFA8BED44CF8A489624FF0033F2C7F6EDAA4BAC4D5F0491D4B998B0FE6E403F8D3C5F00051AE9208E0EB3793458D8C4AFB4422967A49063B8CE86ED8E6298C6FC107075A8F8896F0B22D5C6383FAB598D74663AB5957B370750B0E8725D42DB5CB8C73A29A270403EF8D035B26C85C1D155BA6C85CE86241451C85783DF564872354F421A4231D87BEAE624380076D52133BAE1D2DBBF6D24E99279E130C3EDA7C29C0E0019E4E9B4F4E7FDB4EAA8C64F07EFAEC1C41C5F83FD34B18C76EDF6D250718D3AA7E3E3480501C1C71EFC69A00B138E74F018C67BEB807273F8EFA684C422965E39D2C27383FDB5AC781AA8D1DF10AB1DC91ABEC490BED24E7698FD40F3FBFB91DC65CE855D81C6738383907F1A13B1B8D24FB8D01818F8E75D039F6D2B1CE0695AA228495E7FF9D7DFCBF6D2B1CEBA467DB1A004E3DB3AFB8E74AC771AF80FFE3408411AE631FBE967B0FBE9620948E233F7278D3117FD01775B3DF1D9A196713C4620895BF4A32483EA7EDB4EDC1078E73DC0D0ED7C4D155CF1CB0BC3223B2B44C086420E369CF391DB536868EA56B217A776150AE0C5E5825B7678C7DF3A7EAAD5251C816B609E291BD58994A923F1C71A39736373B5450ED19C7B9F6D7569A47207967938C9E35702344FD0AAB9EF818D2957738D00B2458E90AA00CC07E06BEFA58F0720B7E4EA6C8B800EA3C870338E7506CD3D88CF1A27E95001F81A8E4E0E34ECEF88E5931FC3894BC8DEC8A3B927D86876E7D436CA3F344B5B149220522380F9BBC1F865F4647720B0FEBAAE64B764F2393C2348B355D035B6800611D4C0B2A3132229591F76D9543BA0C8CA7ABBFA40CAED52442E92C6D70A96864478FCD628E89B148CF042E06D1F6F6EDA06B875B42AF22DBE924900706392A1B6865F70D1AE7FA87D51D5F54DDAA1BF8751F4CA2532A0A71B190F3C07FD781F058EB37AF15B1AC78693DF06D159D52CF695A79E1A3A56A8263151249E5A48028DC0073B41240625719214E3201D0B2F5ADA68E98069669F7E4ED8623943F0DBB68E7ED9D653BD9E566918B3B1C9627249F7274E01B860FF005D7938992D78F24960EA7B3F575380D55ADA4FE2CAF31FB84EB5B71AAAB11B224D2B49B0B6E23249C67033F9C0D364123279CF1F8FFAE35F20ED8EDEDA708F49CEB34AB02949CDB94B764EE9BB935A6F14D5A09F2D5B6CAABFCC87F50C6467E467DC0D7AAFC3FA54ABAE1344CB2C3B03ABA9C820F20823EDAF2445196385049278D7AB3FECF56CBA58BA65C5E50C71CCFBE28587F122538E0FC7B9DBED9F9C81128DB4C7174A8D8234DA303B0D3A1723509AE30A0F4A48CDEC0E00FEBA54304D5D007A8AA748DFB454E7CBE32080581DD9182320A839EDAAD843777BC5B6CD133DCAA9222ABB8C6A0BC85738CEC5C9C7DF18D66BD43E2DCABBE2B25B1E1EE04D598DDEE321149039E4124FDC6B539AD94AF472D3253C491C81B21500193DCEBCF3D496D34B553C0E0EE81CAE4F7C7B7FB6B39C9A580788DA173751DDAF07FF00A8D7CD329272A4E0720023038C71DBB7F5D5D5826F2A651D81E341D4402B7E345563A796A641B07A4776D65197364A8494958749CA823DF4E05CF6D7208B11803B0D3C8B8D6E02586393A50031ED93A5EDDC08F7F6D319C6A1E196B242BED0FD65B66888E48C8FCEB19BA51B03242C30CA7235B8CB20452D2B2A2E3BB71A10BA74E4376AB3554B3ED85BF980E4FCEA1AB782AE900B67A19FCB0C5081A22B7C4E1C707BE8912D694D4C2253BB03193DCEA0471F9331040034E51A253086D9181181AB5D53D1480601EDAB48DF2BCF7D34C0F98FA41231A6CF3A5C872D8D234099E7D51EAE3FE5A717071A6D3009E33A7101C02DDFE06BB07087554F0476D3AA38CE9B4E718C03F19D3A98EDA43438B8FCE35CEC75D5ED83CFDF5D3DF4099A478195D4D45D4359F5F3411529A72CC676DAA0AB29079E090471A07BF184DEEE0691C3D39A893CB60C5815DC7072793C63BF3A4D82A62A4BBD3CF5119960470D2208D642CBEE30DC6BB531354D5CD24702D3C723B3AC61B8404E428F7E344565B1B95C52210C0FFE75DC675363A1EC5DF9F803FDF4FAD2C4B8F4E48F73AD288B2B0770077F6C69D8E9E47030847B73C68B3A73A7DAF22A129A58A29635051194E1B9E791DB8FF6D5756412D2544904E85258DB6B29F63A284ECAB5A26206F7007B81CE74EAD0C407AC330F6C9D15F4E3DB2558229E25FAB4909E71EB0460000FA4E39E0E3DB19EC617545742D347454C6330D2965050601248CEDE4F1C0F7EE49EC4002EC14EACE74ED916E73B000228654DAA42976392064F6E15893CE31D89C0D4BEA8E9D6B453C750A8F1C6CFE5157915F9C6410C00C8383DC0231AABB25F1AD523304DEA4861B480CAC010181208CE09EE0F7D35D51D44D52613709E3A489834919AB9D50CBF2727686C700050303DB924B768124D78845E1B4F4515DA7156C8933C7B6167381DF91F93C7F7D4AF11EE749250D3516E47AE8E52ED82AC635E46D247CF1F7C0C9F6D62F5FD7765A74FE0544D56E5372791090A1BFCAC5F691F901B43772F112A66DEB6EA0869D59400D3399A446F720FA57F62A7594B5609DD9BC3426D551A5090BB045059D8E028E493A627B9D0D0330AEAEA681964F2E4467DD2237FC48B9703F6D6375B7EBC5E19E1ABAF9DA198A97810F971123B1F2D70BFDB5D29E50007381AC3538AE891E9D2E0BAC99A55C3AE2DD094FA782A2A88660E3221520766563B89FC151A17ADEB2BACC144229A9FD2C8DE5C5BB783EE77EEC11F2B8D0C393EC748C8079E3F1AF3BD59BEA7AD6941741FB85555D6B2356544D52C88114CD217217E0127B6ABE48805C91CEA517E3BFF005D4595B39D4E4A74B62315F8D7CA35676AB2DCAEEE52D94353544101BCA8CB05CF6C9EC3F7D1AD0F8537558FCEBED6515A60192E247F3240A067215783FF00EAD539134672073A91023CD2A47146F248E76855049627B00347691741DA10902E3D43521072D9A680927F67040F9C8D4D9FAE2B21B155BF4D5150594C33216FA6814B34441003120EE3939CE0684A52749060A5B57879D475D179D2D1ADBE9464BCD5CFE504C7B907D58FBE353FFEEDF49DAFD37BEA392BE72A3F836B8B7004FB890E5481F1C1D4AF0EEEF5D7CBB55DAAEB5BF522EF453502BD73348B1BB0DF195E7822548CF1A0291B700C0F079D2716B70B47A53A5AC360B5C8935AEDB046C7912B66493B60E19B24647B0C0D6994750A5102E00C7B6B18F0EAEDF5FD3B48E5B2F18F29F9F71C7FA635A5DA6A321413A85865D5A09C9F73AB8B0CDBA3788FF21C8FC1FF00AFEFAA18DB720D48A3AA6A49C4A8A1CF62A4E323F3AA62A0B181623855C0038F7D653E28D9992ED0D4C3133AD4A1570A09391EF81FBE8B6E777AE929A4FA7710B60EDD8B938FC9FF00E3409D35729A7B9D4D256D44B3C846E4699CB9C8EE32793C7FA1D449ABE51A54ACA3B858929EDD0CB1C4C92603382391AB8E922A1766882E14A25A7910AE7238D08DA5DA92BCC6DFCAD8D4B8F2BB411DA83D117231C6BA10A904E9EA71BE1538E3BE9780CBF18D58860821B70EE35F0504F0BB73CF1A7C2EE1818FBEBEDBEA23FA681A063AB22A8929D8A37A547603B8D51F4456B33D4D14A4EE5FE2267E3DFF00DBFAE8EAE0A9F4CE197395C7E359A3092D5798AA4A9081F0E3FE13C1D62FE19D9A6F1A0DA78C72754D70833EA51EFEDA2360AF1AB2E369191F8D409A31C823FBEB56AC82A695F6B61B8235754CFB8019D56D442072A31A5D2CC410359AC32B72D9F046748274946DCA3B6BE3AA1180AEECF1A7133D8F7FBEA443461987249FB68CA83A1AB1EC725D9E1DB48BDDD88C77038CF7E4FB6BBBA5A12D5751FBE0F9CD7E234F8757A8FECDFEDD175605C4AC7B024FBE352E0A496470A1304F6FBEA58501CAAF6075A874DD85A969E829D2CEB5D70AAC4F348F955813BAA6EE0024649E738C6A6104E7CB3748BD494969B9415BAC199BDAE4847FE243AE7ED8D585A6C8B5CAEE5E18A24655679773727B00003A25F13167A5B8C0B38A2512C7E62FD2002303246063F1DFFBEA8FA5EE4692E2124A830D2C9FAC83B4700E391C8E7E355AF184255A79465C2CF57534D3D68F2CBB1267E9E9E9D67DD341BA2567F2F27732838DC06318CFC9D54C58691549C293827E34515FD454BF4AC82A16698C0F0B24306D42C4F7DCD86C0CFC1E741D2C9E443E7D4491D3C07B4B3B88D7FAB1035959E86BA07D6D86D76EAB7145594B24EACB89659391EB190B90147A73CE49E476D07577971D64EB1B8745721581C8233C1D09D7F5958E88E1AB8D4383864A48CB907E7276A91F86D0ED77892AA36DBAD6A483FAEAA52430FF00D09B707FF71D4BD58ADD9A2D09CB646D1D2DD52D63324724666A763B8206C10D8EE3DB9FFAEDAA6EA4BBFD6D74972AC30D1C550DE979A411A70300066201381AC3ABFADAFD5580B5C695436E514AA222BF6DEBEA23F24E87679649E5796691A495CE59DC9258FC93EFAC9F1096C8DE3C249AA93363ADEB4B15263756BCEC18AB252C45D97EF96DAA47E18E872BBC491902DF6B52558FAEAA52C1C7B7A536953FFB88D679AE6B37AF366B1E174E3D2C20ACEB3BF54EDC5C64A70A495FA5021383EC5970CC3FF513A1F662C4B312589C927DCEBEF6075CC6B36DBDCD94547091F7B1D7C3E35D00EA5D05BAB2E1379541493D4CD8CEC8632ED8F9C0D2BA1D0BA101577FBE752E494632C401F7D16597C29EA8AE5067482DF11C106A24E4E7E02E4E7EC71AB9AAE8DE8FE9693FFE24BAD75C6A55B3F4F4F17960AE3B1C9E7F2186B3793452A54664D329381963F61ABEB4F45752DE4A9A3B4CE911C1124E3CA5C1F71BB19FDB3AD3FA77A83A7A9ADAB374D59A9A9260ED1EE9137C817E77F7CF6E32759EF5A7545FAB2F75514972AA6A61851006DB115C6705170A7F246754E0E34473D967FF00E1EDAED0CBFF007B3A9A9A19049B5A96850CD276CF3C657F75C7DF465D2961E8C5B4C35F6FB51A9762D1E6E277BF048C94E5076E3183C8D66D6FEAD9A2A2991A9E921902811B244724E792727B0D13F42F50BD55B6B96A9CBCE255218E3F495ED8F6E547FD675A2D2492727B92E5D8ADEBDEB4EA1A5BFD55BE96E06968A07431454A8220ABB410323D447383CE0FC0EDA38ACB92577953C641478D486FF3E79CFF007D669E20D34D5F7A8E7A68C4AA601B8C7EA20866186C763DB83CF23E469FA3EA6FA4B7D252CF4B22491462366EC38E07DFB634E12714E0B664B56EC16AB87E9EB278739F2E464CFCE0E34FD2561A7A4AD882EE35118407E39FF913FDB536E32DAEA2A6A2732B8796467DB1C7851939C0DC49C7E493AA99A48198AC05F18E0E35A686A4B4A6A6BF2F0128A92A659F4AD54B6EBC52D4405834120911B18390720E3565E26D1A53758DC25A7F34D356B2D7C0F226CDC9328938FB02C57FF69F8D0ED2D4F92E3CB5E327193C81EDA30EAD5375E8AB05E16390BD2B496B9E579011C1F362017B8187907FEDC7C69711BA66896099E105C3CB9AAE899B1922551FD8FF00B6B6DB4CF82BAF32F48577F87F5151CA5B08CFE5B7E0F1AF435AA7240E75E396E5C76342A17DEA06A5EDC9D54D9A43220F8D5D281C6AB7109DBEDDF59E750466CBD41156C2180570E71EE3DC7EE3235A52A927FBF3A17EBFB6B4D6869A150645CFB6B3D458B5D0A86F45DAAA4F08963656470195876607429D456FFA69D2AE204027D5C719D5C742578B8F4CD3642ACF4C3C8940F95031FD460EACAEB46B51472263B8EFF7D69FA913B311629967A1523048193AB054E7B0C7E7425D3154D4F54F4EE70412003F3A32C6EC1073A94363006DC83F39D7CC413C633FEBA71F81A65C6D3DB9D3010C32A55802359F75EC7242E1A3C2FBF6EFAD01CF3A1AEAEA613523305DCC38D44D5A2A2F24AB5D6A575B69AA630009107A47B1F71AECE339C686FA0EAFCB8AA681BF546DE620FB1EFF00DFFD744F30DFC8D5276836744075CE578FB6A13A946D4F906D6EFEFA66401949F7D4B409D0BA69F23BF3A96083DB54D9313E4671F1A9D0CF91DFBE84C603745C122C9515C8D4EA90A15CCB918C8CE723B703BEAE2EF79A49ACAEAB736770BC41116081CE33804763CF3C7EFACE83B052371C1EE353ADB4EB52F891980FB7EFAEE47567A798BA3E7F53474F5A94E3747526D8EACA70C0E747561EA1EB496E095D08A9AA0B195515008840F90090BAC424F12AF5667AAA5B5C16EA79164655A9FA7DF2800E300B123FB6856FBD5DD417D66376BBD6D4AB1FFCB69484FD90703FA6B9F3D77274979FE7A9D8D3E12108A94E4F3D17F3FD1E81EAEBE504F582ABABFAAAD704F18118A6A31E7BC6393B7620F4F7F7D65773F10E8924905AE826993FFB6F54E131F945CFFF00E5ACD75DF6D4AD49F709E9694B68FDFF003F609ABBAE2F953B84352B4719ECB4C810AFE1FF005FF7D0ED4CF3554EF3544B24D339CBBC8C598FE49EFA6B4AC71A96DBDC6A2A3B2398D7D8D2B5F690EC46BBAE8D2D143300745858D634A48D9C80AA589F6035B9F87BE1AF4FDC6CD4D71B8254D4492024C6D2E13FFED00FF7D127509A4E8C8557A7ED96FA7665553279397C1CFF0036727B7BE751CF9A1D62CC3ECFD01D4D76C1A6B4D42C67077CE04431F237633FB68A93C2CA7B5D39AAEA8BFD352448C37C74C8656C7C7C83FB1D1AF4DDDABEF3455B3DC6AA595946D0A0ED4C0CFF0028C0D663D4B76ABAC778A494AC40E762F035E5FF007139EABD28F4DCD79128F330EBA26D1D0351736A6A0A3A8B84D01CF9F5C4157070384E011CFBAEB69B3D15151C31C34B4D0C30AFE98E340AABF8038D7997C3499E3EB3A408D8F363756C7E09FF006D7A6A8892887EDAF54567264D97577E2CD3C94E3638898A94504838F61F3AC5BA83A6ED573A1B9F9B4E1EE5531B309E776665931E92327D2338F48C0F6C6B6BA762D46E0F607586D41300A55463FC48564627E48CEBD318DC5BEC64DE4C3ED7799EDC851638E5899B7157C8CFCF2083EDA20A8EAE33C795B7D2C321014BB2F98DB40C0C16F818FE8352BC35B3505DBACEE14F70A659A086391D109200224503B77E09D11F8CD66B750D8A82A6868A0A69054795FC18C202A5589C81DF951FDF59A18447A7AD355D352D3DBA9E9D12AA1CA4813272465589EE7B83AC0F3353CCC8A5D1C1C15E41C8F6235BDF87B552D4F405B5A520B44CC80E392373000FE020D667554503F895514F220789E491D95B9C9285BFD7552415CA520BB57C54820358C107709C1FC6473A7AC165B8F5254CAB42176C58323C8E0019CE33EE7383D87B68A2FD0423A36E004110F2991908400826451FE84EABBC269E48EF75B1A3108F4C5997E4865C1FEE7FAE965602F041EABE95AEE9F8A964AA9219239F2374392148F62481EC7FB1F8D50A285FF5D6C3D72A2ABA1AB5A7F5340F1CB1F3FA5B705CFF00462358F7C6A658609965D414D450416EABB748C5658C09A33CEC90019E7EE7381F6EE757FD23225CBA6BA9AD6FF4C2434A2BE17989043D392CC17EE63697FEB3A1F78564E9B9E462D94937019E320A8FFF00D8EACBC2FAA9297ADEC6D16DCBD5C70B6E5041476D8C307E55987EFABD5D5F796EA8DE52B95D6E0E3655B3F1ADF7A3EE3F5B69A3A82725E31BB1FE6EC7FBE758354A859180EC0E3FD75A8785133B59A4427D31CC42FD8601FF007D79E6B04C30CDEBA71D5E00477D12D3F206837A3D98EE5278D1C44A1635C7BE9C7286F0C56DCE915302CF4F244C010EB8D399EFAEFB1FC674C4663D3733F4F75A4B4336169AE1E804E38719DBFEE31F71AD164C1521877D0178A94E91F975516E49D583AB29C107E47F4D18DAEA5EAECD47532ED12CD0A48DB47196193A8D3C5C7B0E79C82D7D8FE86EEB511FE97E7E79D175BEA44F4A8CA7271AA3EAA895EDEEE73B90F1FDF5CE9299DA91813C0EDA3661D023620027233A65CFC9FEFAE4849DBCE38238D37370011A6210EDF07512B61FA8A69233C961C7D8E9F071C7CE927DF450CCDDA5369EA4A79C9C231DB27E0F074785B3CFCE83BAE2041BD80E41D1158A679ECD4724872C63193A98762E5DC7E75CE35118E4EA6C9EFF008D4198609C69B246A55C8C8D331CA636EFC69FD45980E7EDA8633FFFD9);
/*!40000 ALTER TABLE `photo` ENABLE KEYS */;

-- Dumping structure for table controla_guincho.receipt_type
CREATE TABLE IF NOT EXISTS `receipt_type` (
  `id` bigint(20) NOT NULL AUTO_INCREMENT,
  `description` varchar(255) DEFAULT NULL,
  PRIMARY KEY (`id`)
) ENGINE=InnoDB AUTO_INCREMENT=2 DEFAULT CHARSET=utf8;

-- Dumping data for table controla_guincho.receipt_type: ~0 rows (approximately)
/*!40000 ALTER TABLE `receipt_type` DISABLE KEYS */;
REPLACE INTO `receipt_type` (`id`, `description`) VALUES
	(1, 'Cartão');
/*!40000 ALTER TABLE `receipt_type` ENABLE KEYS */;

-- Dumping structure for table controla_guincho.user
CREATE TABLE IF NOT EXISTS `user` (
  `id` bigint(20) NOT NULL AUTO_INCREMENT,
  `path_img` varchar(255) DEFAULT NULL,
  `phone` varchar(255) DEFAULT NULL,
  `user_system_id` bigint(20) DEFAULT NULL,
  PRIMARY KEY (`id`),
  KEY `FKdc6jmxtfekvd179oge76q3h8w` (`user_system_id`),
  CONSTRAINT `FKdc6jmxtfekvd179oge76q3h8w` FOREIGN KEY (`user_system_id`) REFERENCES `user_system` (`id`)
) ENGINE=InnoDB AUTO_INCREMENT=4 DEFAULT CHARSET=utf8;

-- Dumping data for table controla_guincho.user: ~2 rows (approximately)
/*!40000 ALTER TABLE `user` DISABLE KEYS */;
REPLACE INTO `user` (`id`, `path_img`, `phone`, `user_system_id`) VALUES
	(1, '', '(11) 99936-6938', 1),
	(2, '', '(11) 99897-1053', 2),
	(3, '', '(11) 99936-6938', 3);
/*!40000 ALTER TABLE `user` ENABLE KEYS */;

-- Dumping structure for table controla_guincho.user_permission
CREATE TABLE IF NOT EXISTS `user_permission` (
  `id_user` bigint(20) NOT NULL,
  `id_permission` bigint(20) NOT NULL,
  KEY `FKo47t1we6do84ku6rb9jcey2s9` (`id_permission`),
  KEY `FKfe3thk3sef5wsu506auyrsppg` (`id_user`),
  CONSTRAINT `FKfe3thk3sef5wsu506auyrsppg` FOREIGN KEY (`id_user`) REFERENCES `user_system` (`id`),
  CONSTRAINT `FKo47t1we6do84ku6rb9jcey2s9` FOREIGN KEY (`id_permission`) REFERENCES `permission` (`id`)
) ENGINE=InnoDB DEFAULT CHARSET=utf8;

-- Dumping data for table controla_guincho.user_permission: ~3 rows (approximately)
/*!40000 ALTER TABLE `user_permission` DISABLE KEYS */;
REPLACE INTO `user_permission` (`id_user`, `id_permission`) VALUES
	(1, 1),
	(2, 1),
	(3, 1);
/*!40000 ALTER TABLE `user_permission` ENABLE KEYS */;

-- Dumping structure for table controla_guincho.user_system
CREATE TABLE IF NOT EXISTS `user_system` (
  `id` bigint(20) NOT NULL AUTO_INCREMENT,
  `account_non_expired` bit(1) DEFAULT NULL,
  `account_non_locked` bit(1) DEFAULT NULL,
  `credentials_non_expired` bit(1) DEFAULT NULL,
  `enabled` bit(1) DEFAULT NULL,
  `full_name` varchar(255) DEFAULT NULL,
  `password` varchar(255) DEFAULT NULL,
  `user_name` varchar(255) DEFAULT NULL,
  PRIMARY KEY (`id`),
  UNIQUE KEY `UK_dj2ituam5f3lm93ghdbvrpbkn` (`user_name`)
) ENGINE=InnoDB AUTO_INCREMENT=4 DEFAULT CHARSET=utf8;

-- Dumping data for table controla_guincho.user_system: ~3 rows (approximately)
/*!40000 ALTER TABLE `user_system` DISABLE KEYS */;
REPLACE INTO `user_system` (`id`, `account_non_expired`, `account_non_locked`, `credentials_non_expired`, `enabled`, `full_name`, `password`, `user_name`) VALUES
	(1, b'1', b'1', b'1', b'1', 'Victor Balbino Machado ', '$2a$16$XCKIFG8pYpp2tFlCgbIxQ.4.9PWGgHaawVn4yVrlyUX0Yq8h9b5rS', 'code@mail.com'),
	(2, b'1', b'1', b'1', b'1', 'Victor Balbino Machado ', '$2a$16$0eRkshz8PK.68PbCjQj1UO4q0nCwtZ81oAioOtnqGhcprZjLo53U.', 'victor@mail.com'),
	(3, b'1', b'1', b'1', b'1', 'Victor Machado ', '$2a$16$fGr4VMa3DpBsjT/bXgkpCu2nX8Isy31UPaGrRvMMyHazC7V1M2atm', 'contato@tevitto.com');
/*!40000 ALTER TABLE `user_system` ENABLE KEYS */;

-- Dumping structure for table controla_guincho.vehicle
CREATE TABLE IF NOT EXISTS `vehicle` (
  `id` bigint(20) NOT NULL AUTO_INCREMENT,
  `brand` varchar(255) DEFAULT NULL,
  `color` varchar(255) DEFAULT NULL,
  `license_plate` varchar(255) DEFAULT NULL,
  `model` varchar(255) DEFAULT NULL,
  PRIMARY KEY (`id`)
) ENGINE=InnoDB AUTO_INCREMENT=2 DEFAULT CHARSET=utf8;

-- Dumping data for table controla_guincho.vehicle: ~0 rows (approximately)
/*!40000 ALTER TABLE `vehicle` DISABLE KEYS */;
REPLACE INTO `vehicle` (`id`, `brand`, `color`, `license_plate`, `model`) VALUES
	(1, 'Chrevolet', 'Branco', 'EMUF455', 'Corsa');
/*!40000 ALTER TABLE `vehicle` ENABLE KEYS */;

-- Dumping structure for table controla_guincho.vehicle_call
CREATE TABLE IF NOT EXISTS `vehicle_call` (
  `id` bigint(20) NOT NULL AUTO_INCREMENT,
  `description` varchar(255) DEFAULT NULL,
  PRIMARY KEY (`id`)
) ENGINE=InnoDB AUTO_INCREMENT=3 DEFAULT CHARSET=utf8;

-- Dumping data for table controla_guincho.vehicle_call: ~2 rows (approximately)
/*!40000 ALTER TABLE `vehicle_call` DISABLE KEYS */;
REPLACE INTO `vehicle_call` (`id`, `description`) VALUES
	(1, 'IVECO | FSK3B56'),
	(2, 'HR | HNX2231');
/*!40000 ALTER TABLE `vehicle_call` ENABLE KEYS */;

-- Dumping structure for table controla_guincho.withdrawal
CREATE TABLE IF NOT EXISTS `withdrawal` (
  `id` bigint(20) NOT NULL AUTO_INCREMENT,
  `address` varchar(255) DEFAULT NULL,
  `date_hour` varchar(255) DEFAULT NULL,
  `km` double NOT NULL,
  `latitude` double NOT NULL,
  `longitude` double NOT NULL,
  `photo_id` bigint(20) DEFAULT NULL,
  PRIMARY KEY (`id`),
  KEY `FKh7k9amqih10ou13vb0l6lxs4j` (`photo_id`),
  CONSTRAINT `FKh7k9amqih10ou13vb0l6lxs4j` FOREIGN KEY (`photo_id`) REFERENCES `photo` (`id`)
) ENGINE=InnoDB DEFAULT CHARSET=utf8;

-- Dumping data for table controla_guincho.withdrawal: ~0 rows (approximately)
/*!40000 ALTER TABLE `withdrawal` DISABLE KEYS */;
/*!40000 ALTER TABLE `withdrawal` ENABLE KEYS */;

/*!40101 SET SQL_MODE=IFNULL(@OLD_SQL_MODE, '') */;
/*!40014 SET FOREIGN_KEY_CHECKS=IFNULL(@OLD_FOREIGN_KEY_CHECKS, 1) */;
/*!40101 SET CHARACTER_SET_CLIENT=@OLD_CHARACTER_SET_CLIENT */;
/*!40111 SET SQL_NOTES=IFNULL(@OLD_SQL_NOTES, 1) */;
